Volume Fraction,Fiber Shape,Fiber Length,Longitudinal Young's Modulus
0.64716417,3.0,2.0,105.42543
0.35997277,1.0,1.0,81.277016
0.12345535,1.0,1.0,57.957638
0.60699695,1.0,1.0,99.03558
0.06366459,1.0,2.0,34.945984
0.05549487,2.0,2.0,31.044224
0.671719,1.0,1.0,106.96099
0.11511298,3.0,2.0,49.859726
0.6907692,3.0,1.0,127.821434
0.6392864,2.0,2.0,105.42543
0.35450152,1.0,1.0,81.277016
0.44779232,3.0,2.0,84.10234
0.69860816,3.0,2.0,131.19688
0.5129924,1.0,1.0,86.73382
0.58200246,1.0,1.0,96.717384
0.2760516,3.0,1.0,69.510284
0.1323237,1.0,2.0,57.957638
0.15469643,2.0,1.0,58.45474
0.6300332,1.0,2.0,99.58594
0.09840045,1.0,1.0,49.859726
0.26176405,1.0,1.0,69.510284
0.054195374,1.0,2.0,31.044224
0.09288288,3.0,1.0,49.859726
0.119667836,2.0,2.0,54.814487
0.17787689,3.0,1.0,59.832237
0.076562494,2.0,2.0,47.274284
0.09920035,1.0,1.0,49.859726
0.05407426,2.0,1.0,31.044224
0.114299536,1.0,1.0,49.859726
0.6850493,1.0,1.0,121.72378
0.6021538,3.0,1.0,96.717384
0.51939094,1.0,2.0,86.73382
0.383493,3.0,1.0,81.277016
0.28019458,3.0,2.0,69.510284
0.13967387,1.0,1.0,57.957638
0.17121135,1.0,1.0,59.832237
0.6923112,3.0,2.0,127.821434
0.060128324,1.0,1.0,34.945984
0.683789,3.0,1.0,121.72378
0.05658917,1.0,1.0,31.044224
0.6885557,1.0,2.0,121.72378
0.33232525,2.0,1.0,70.28846
0.08616599,1.0,1.0,48.578396
0.56621075,2.0,2.0,93.81772
0.050479095,3.0,2.0,14.952889
0.09692281,2.0,2.0,49.859726
0.44872025,2.0,1.0,84.10234
0.16330694,3.0,2.0,58.45474
0.05385275,1.0,1.0,31.044224
0.06543621,1.0,2.0,40.329266
0.52824295,2.0,2.0,91.8296
0.102236114,1.0,2.0,49.859726
0.64774907,1.0,2.0,106.96099
0.07786967,3.0,2.0,47.274284
0.5312391,1.0,1.0,91.8296
0.12659222,2.0,2.0,57.957638
0.6958603,2.0,2.0,131.19688
0.6638634,1.0,2.0,106.96099
0.24358818,1.0,2.0,60.29506
0.3597319,1.0,1.0,81.277016
0.6957599,3.0,1.0,131.19688
0.090444446,3.0,2.0,48.578396
0.15106867,3.0,1.0,58.45474
0.109737314,2.0,2.0,49.859726
0.5967881,1.0,1.0,96.717384
0.31377575,1.0,2.0,69.510284
0.6760982,1.0,2.0,106.96099
0.051201276,1.0,2.0,20.867117
0.3129409,1.0,2.0,69.510284
0.079626024,1.0,1.0,48.578396
0.3654909,3.0,1.0,81.277016
0.13471147,1.0,1.0,57.957638
0.6930231,3.0,1.0,127.821434
0.23397414,1.0,1.0,60.29506
0.621064,3.0,1.0,99.58594
0.1098916,1.0,2.0,49.859726
0.10348632,1.0,2.0,49.859726
0.21815489,3.0,2.0,59.832237
0.056506425,1.0,1.0,31.044224
0.07199934,2.0,1.0,47.274284
0.057382938,1.0,1.0,33.83368
0.085120454,1.0,2.0,48.578396
0.31197384,1.0,2.0,69.510284
0.5590565,1.0,1.0,93.81772
0.67794895,3.0,2.0,106.96099
0.61885023,1.0,1.0,99.58594
0.437504,1.0,1.0,84.10234
0.08843554,1.0,2.0,48.578396
0.050595596,1.0,2.0,18.941097
0.6593633,1.0,1.0,106.96099
0.29078314,1.0,2.0,69.510284
0.4758968,1.0,2.0,86.08161
0.25411823,1.0,2.0,69.510284
0.10039024,3.0,1.0,49.859726
0.065789804,3.0,2.0,40.329266
0.09909418,1.0,1.0,49.859726
0.051462453,3.0,1.0,20.867117
0.6615278,3.0,2.0,106.96099
0.6463034,3.0,1.0,105.42543
0.06983488,1.0,2.0,47.274284
0.17627257,1.0,1.0,59.832237
0.39177924,1.0,1.0,81.277016
0.40814042,2.0,2.0,81.277016
0.05969777,1.0,2.0,33.83368
0.06246975,2.0,2.0,34.945984
0.12291245,2.0,1.0,57.957638
0.5129396,3.0,1.0,86.73382
0.6718801,1.0,1.0,106.96099
0.5932618,1.0,2.0,96.717384
0.5656062,3.0,1.0,93.81772
0.14018017,1.0,2.0,57.957638
0.3701339,1.0,1.0,81.277016
0.25512594,1.0,1.0,69.510284
0.053535946,1.0,1.0,31.044224
0.60192394,3.0,2.0,96.717384
0.2246565,1.0,2.0,60.29506
0.20550452,3.0,2.0,59.832237
0.0849978,2.0,1.0,48.578396
0.132511,1.0,2.0,57.957638
0.17830871,1.0,2.0,59.832237
0.4682245,1.0,1.0,86.08161
0.6992663,2.0,1.0,148.35689
0.5287318,2.0,1.0,91.8296
0.054514773,1.0,2.0,31.044224
0.68555796,2.0,2.0,121.72378
0.11013807,3.0,2.0,49.859726
0.078170046,3.0,1.0,47.274284
0.05698267,1.0,2.0,31.044224
0.24211878,3.0,2.0,60.29506
0.6494011,1.0,2.0,106.96099
0.45169866,1.0,2.0,84.10234
0.071756944,1.0,1.0,47.274284
0.1838054,1.0,1.0,59.832237
0.11087264,1.0,1.0,49.859726
0.05685479,1.0,2.0,31.044224
0.13035566,1.0,2.0,57.957638
0.3703817,3.0,1.0,81.277016
0.37083843,2.0,2.0,81.277016
0.19901374,1.0,2.0,59.832237
0.19208235,3.0,2.0,59.832237
0.19153225,3.0,1.0,59.832237
0.47706994,1.0,1.0,86.08161
0.69502556,1.0,2.0,127.821434
0.69120413,3.0,2.0,127.821434
0.050913364,2.0,1.0,20.867117
0.106838785,1.0,2.0,49.859726
0.54765964,1.0,2.0,93.81772
0.054628916,1.0,2.0,31.044224
0.5707934,1.0,2.0,96.717384
0.06343576,1.0,1.0,34.945984
0.5478169,1.0,2.0,93.81772
0.6743719,2.0,2.0,106.96099
0.1409138,2.0,1.0,57.957638
0.053830195,1.0,1.0,31.044224
0.5493026,2.0,1.0,93.81772
0.45696843,2.0,2.0,84.10234
0.37790135,3.0,2.0,81.277016
0.403186,2.0,1.0,81.277016
0.25861293,3.0,2.0,69.510284
0.62150115,2.0,2.0,99.58594
0.4957089,3.0,2.0,86.08161
0.52133447,2.0,2.0,86.73382
0.50437117,1.0,1.0,86.73382
0.08160689,3.0,2.0,48.578396
0.120045014,1.0,2.0,57.957638
0.67355645,2.0,2.0,106.96099
0.0567846,3.0,2.0,31.044224
0.13270503,2.0,1.0,57.957638
0.44324932,3.0,1.0,84.10234
0.06927569,3.0,1.0,47.274284
0.05122195,1.0,1.0,20.867117
0.5401323,3.0,2.0,93.81772
0.5774422,2.0,1.0,96.717384
0.68252087,3.0,1.0,114.870514
0.058644515,1.0,2.0,33.83368
0.23480625,3.0,2.0,60.29506
0.050136797,1.0,2.0,14.952889
0.5737617,3.0,2.0,96.717384
0.3118999,2.0,1.0,69.510284
0.48798278,3.0,1.0,86.08161
0.058022503,1.0,1.0,33.83368
0.2453717,3.0,1.0,69.510284
0.14003244,3.0,2.0,57.957638
0.6493106,1.0,2.0,106.96099
0.051250394,1.0,2.0,20.867117
0.14284228,3.0,2.0,57.957638
0.08298289,1.0,1.0,48.578396
0.12595238,1.0,2.0,57.957638
0.50527185,3.0,2.0,86.73382
0.075566806,3.0,2.0,47.274284
0.4556988,2.0,1.0,84.10234
0.079802714,2.0,2.0,48.578396
0.56592494,2.0,2.0,93.81772
0.12547871,1.0,2.0,57.957638
0.32399458,1.0,1.0,70.28846
0.5341998,2.0,1.0,91.8296
0.1976955,1.0,1.0,59.832237
0.08649923,1.0,1.0,48.578396
0.64178133,1.0,1.0,105.42543
0.074164495,1.0,1.0,47.274284
0.63540393,3.0,2.0,105.42543
0.1685911,1.0,2.0,59.832237
0.6054291,3.0,1.0,96.717384
0.058871925,1.0,2.0,33.83368
0.07458357,3.0,1.0,47.274284
0.13468502,3.0,1.0,57.957638
0.2513086,3.0,2.0,69.510284
0.6522075,1.0,2.0,106.96099
0.6928939,3.0,1.0,127.821434
0.590826,1.0,1.0,96.717384
0.385479,2.0,1.0,81.277016
0.5356447,1.0,2.0,91.8296
0.054543264,1.0,1.0,31.044224
0.08956724,1.0,1.0,48.578396
0.68453383,3.0,1.0,121.72378
0.58069855,1.0,2.0,96.717384
0.06346164,1.0,1.0,34.945984
0.59833044,3.0,1.0,96.717384
0.41496345,3.0,1.0,84.10234
0.49755633,3.0,1.0,86.08161
0.050976336,3.0,2.0,20.867117
0.440442,1.0,2.0,84.10234
0.06236574,3.0,2.0,34.945984
0.6214192,3.0,1.0,99.58594
0.49938723,2.0,1.0,86.08161
0.5428657,3.0,1.0,93.81772
0.6707264,2.0,1.0,106.96099
0.089152634,1.0,1.0,48.578396
0.067649454,1.0,2.0,40.863388
0.4571169,2.0,1.0,84.10234
0.48786628,3.0,2.0,86.08161
0.056307457,1.0,2.0,31.044224
0.099443674,1.0,1.0,49.859726
0.10400634,2.0,2.0,49.859726
0.31338122,1.0,2.0,69.510284
0.0687403,1.0,1.0,47.274284
0.33478636,3.0,2.0,70.28846
0.67985785,1.0,1.0,112.35582
0.14032124,1.0,2.0,57.957638
0.5852728,1.0,1.0,96.717384
0.66036606,3.0,2.0,106.96099
0.59593207,1.0,2.0,96.717384
0.3286922,3.0,2.0,70.28846
0.5446341,1.0,1.0,93.81772
0.071750104,1.0,2.0,47.274284
0.5475345,3.0,2.0,93.81772
0.061346576,3.0,1.0,34.945984
0.089852266,1.0,2.0,48.578396
0.101718016,1.0,2.0,49.859726
0.43116006,1.0,1.0,84.10234
0.08133217,1.0,1.0,48.578396
0.103904076,3.0,1.0,49.859726
0.4408331,1.0,1.0,84.10234
0.06870806,1.0,1.0,47.274284
0.13454224,1.0,1.0,57.957638
0.3912189,1.0,2.0,81.277016
0.4181558,2.0,2.0,84.10234
0.1325845,3.0,2.0,57.957638
0.53903455,1.0,1.0,93.81772
0.102925576,2.0,2.0,49.859726
0.06866696,3.0,1.0,47.274284
0.6916784,2.0,1.0,127.821434
0.06869621,1.0,1.0,47.274284
0.10522799,1.0,2.0,49.859726
0.51929605,2.0,2.0,86.73382
0.36518484,1.0,2.0,81.277016
0.17846419,1.0,2.0,59.832237
0.623902,1.0,1.0,99.58594
0.607467,2.0,1.0,99.03558
0.21890865,2.0,1.0,59.832237
0.39214158,2.0,2.0,81.277016
0.0701434,1.0,1.0,47.274284
0.6882938,1.0,2.0,121.72378
0.467368,1.0,2.0,84.10234
0.20669752,2.0,2.0,59.832237
0.69419026,1.0,2.0,127.821434
0.1418856,3.0,2.0,57.957638
0.15498663,1.0,2.0,58.45474
0.22126456,1.0,2.0,59.832237
0.6587386,2.0,2.0,106.96099
0.09053562,2.0,1.0,48.578396
0.47728133,1.0,1.0,86.08161
0.6782891,3.0,2.0,106.96099
0.075167276,2.0,1.0,47.274284
0.054621216,1.0,2.0,31.044224
0.08829999,3.0,2.0,48.578396
0.6810901,2.0,2.0,112.35582
0.05275046,1.0,1.0,20.867117
0.07407876,2.0,1.0,47.274284
0.1165451,3.0,2.0,54.814487
0.2466698,1.0,2.0,69.510284
0.38603768,1.0,1.0,81.277016
0.18692875,3.0,2.0,59.832237
0.37189168,1.0,2.0,81.277016
0.44472522,1.0,2.0,84.10234
0.14251032,1.0,1.0,57.957638
0.39204654,1.0,2.0,81.277016
0.16807571,1.0,1.0,59.832237
0.31447405,3.0,1.0,69.510284
0.61075306,1.0,1.0,99.58594
0.38917506,1.0,1.0,81.277016
0.052726768,1.0,2.0,20.867117
0.69083583,3.0,1.0,127.821434
0.058487922,1.0,1.0,33.83368
0.69649726,1.0,2.0,131.19688
0.57121444,2.0,1.0,96.717384
0.058121912,1.0,1.0,33.83368
0.49446687,1.0,1.0,86.08161
0.51856136,2.0,2.0,86.73382
0.05888421,1.0,2.0,33.83368
0.054396544,2.0,2.0,31.044224
0.6617457,2.0,2.0,106.96099
0.6796237,1.0,1.0,112.35582
0.19828102,2.0,1.0,59.832237
0.44806308,3.0,2.0,84.10234
0.05975966,1.0,2.0,33.83368
0.5375113,2.0,2.0,91.8296
0.5279498,1.0,2.0,91.8296
0.6352147,1.0,1.0,105.42543
0.2567901,2.0,1.0,69.510284
0.17521551,1.0,2.0,59.832237
0.4625175,3.0,2.0,84.10234
0.05552506,1.0,1.0,31.044224
0.10387292,1.0,2.0,49.859726
0.0881249,2.0,2.0,48.578396
0.093998484,1.0,2.0,49.859726
0.41618246,1.0,2.0,84.10234
0.34950382,3.0,2.0,74.982155
0.08659904,1.0,2.0,48.578396
0.13363391,2.0,1.0,57.957638
0.26905966,2.0,1.0,69.510284
0.51010054,1.0,1.0,86.73382
0.24486837,1.0,2.0,68.187965
0.64428437,2.0,1.0,105.42543
0.66477185,3.0,1.0,106.96099
0.58585244,1.0,2.0,96.717384
0.6512193,3.0,1.0,106.96099
0.20754182,1.0,1.0,59.832237
0.6588591,1.0,2.0,106.96099
0.0616879,1.0,1.0,34.945984
0.21675254,1.0,1.0,59.832237
0.61184293,1.0,2.0,99.58594
0.64121646,1.0,2.0,105.42543
0.15254149,1.0,1.0,58.45474
0.05118842,1.0,1.0,20.867117
0.14928013,1.0,1.0,58.45474
0.43109092,3.0,1.0,84.10234
0.672029,3.0,2.0,106.96099
0.6582964,1.0,2.0,106.96099
0.6484093,3.0,2.0,106.96099
0.087783575,1.0,1.0,48.578396
0.14906986,3.0,1.0,58.45474
0.10882428,2.0,2.0,49.859726
0.4310636,1.0,1.0,84.10234
0.050441094,1.0,2.0,14.952889
0.249577,1.0,2.0,69.510284
0.5546534,1.0,1.0,93.81772
0.05052821,1.0,1.0,18.941097
0.10679055,3.0,1.0,49.859726
0.26834023,3.0,1.0,69.510284
0.05222706,3.0,1.0,20.867117
0.14410779,1.0,2.0,57.957638
0.2612447,2.0,1.0,69.510284
0.088097475,3.0,2.0,48.578396
0.44960368,1.0,1.0,84.10234
0.33923057,1.0,2.0,70.28846
0.10730156,1.0,1.0,49.859726
0.06699048,2.0,2.0,40.863388
0.099379525,1.0,2.0,49.859726
0.20385097,1.0,1.0,59.832237
0.081486315,2.0,1.0,48.578396
0.098758645,2.0,1.0,49.859726
0.050176736,1.0,1.0,14.952889
0.6609929,3.0,2.0,106.96099
0.683172,3.0,2.0,114.870514
0.4966508,2.0,1.0,86.08161
0.6637948,3.0,1.0,106.96099
0.29449138,3.0,1.0,69.510284
0.6381198,1.0,1.0,105.42543
0.37456396,1.0,2.0,81.277016
0.6817118,3.0,1.0,114.870514
0.5657803,1.0,2.0,93.81772
0.23708129,1.0,2.0,60.29506
0.09303427,1.0,1.0,49.859726
0.08970013,3.0,1.0,48.578396
0.539887,2.0,2.0,93.81772
0.18325856,1.0,1.0,59.832237
0.06520666,1.0,1.0,40.329266
0.09278283,1.0,1.0,49.859726
0.11909953,1.0,2.0,54.814487
0.50785726,3.0,2.0,86.73382
0.6151094,2.0,1.0,99.58594
0.2667506,1.0,2.0,69.510284
0.60547054,2.0,1.0,96.717384
0.058526773,1.0,2.0,33.83368
0.054109454,1.0,2.0,31.044224
0.08856691,1.0,2.0,48.578396
0.4971978,2.0,1.0,86.08161
0.060112845,1.0,1.0,34.945984
0.1923075,1.0,2.0,59.832237
0.6827868,2.0,2.0,114.870514
0.32925487,2.0,1.0,70.28846
0.69450927,2.0,2.0,127.821434
0.0977332,3.0,2.0,49.859726
0.0652221,1.0,2.0,40.329266
0.063033774,1.0,1.0,34.945984
0.21925756,2.0,2.0,59.832237
0.050903864,1.0,1.0,20.867117
0.29276723,2.0,1.0,69.510284
0.5912104,1.0,2.0,96.717384
0.33372802,1.0,1.0,70.28846
0.23442996,2.0,1.0,60.29506
0.6656593,3.0,2.0,106.96099
0.49726525,1.0,2.0,86.08161
0.122675546,2.0,1.0,57.957638
0.08191708,3.0,1.0,48.578396
0.28313327,2.0,2.0,69.510284
0.6323319,3.0,1.0,102.5032
0.5872356,1.0,2.0,96.717384
0.50337887,3.0,2.0,86.08161
0.17365369,1.0,1.0,59.832237
0.06859279,2.0,2.0,45.607662
0.6669443,3.0,1.0,106.96099
0.053282868,1.0,1.0,31.044224
0.14987782,2.0,2.0,58.45474
0.694051,3.0,2.0,127.821434
0.3329974,1.0,1.0,70.28846
0.5577286,2.0,2.0,93.81772
0.4446252,2.0,2.0,84.10234
0.064406894,3.0,2.0,40.329266
0.27070752,1.0,2.0,69.510284
0.07379189,3.0,2.0,47.274284
0.052321438,1.0,2.0,20.867117
0.63795346,2.0,1.0,105.42543
0.6530465,1.0,1.0,106.96099
0.09543775,1.0,1.0,49.859726
0.6661369,1.0,2.0,106.96099
0.13841027,1.0,1.0,57.957638
0.053654656,1.0,1.0,31.044224
0.6566224,3.0,2.0,106.96099
0.5641322,2.0,2.0,93.81772
0.1775937,3.0,2.0,59.832237
0.524527,3.0,2.0,91.8296
0.16669515,2.0,1.0,59.832237
0.08758157,2.0,2.0,48.578396
0.13134003,1.0,1.0,57.957638
0.26434878,2.0,1.0,69.510284
0.28914005,3.0,1.0,69.510284
0.41188315,2.0,1.0,81.277016
0.21490087,3.0,2.0,59.832237
0.32749647,3.0,1.0,70.28846
0.28297356,3.0,2.0,69.510284
0.34796116,3.0,2.0,74.982155
0.061812486,2.0,2.0,34.945984
0.09659752,1.0,2.0,49.859726
0.69556063,3.0,2.0,127.821434
0.0691292,3.0,1.0,47.274284
0.1696982,3.0,1.0,59.832237
0.06709404,1.0,2.0,40.863388
0.699374,3.0,1.0,153.62846
0.36231893,3.0,1.0,81.277016
0.3605972,2.0,2.0,81.277016
0.67217255,3.0,2.0,106.96099
0.14751747,1.0,1.0,58.45474
0.687607,3.0,1.0,121.72378
0.38307405,2.0,1.0,81.277016
0.13686708,3.0,2.0,57.957638
0.30590433,1.0,2.0,69.510284
0.11185965,2.0,2.0,49.859726
0.62215376,2.0,2.0,99.58594
0.2007958,2.0,1.0,59.832237
0.058423486,1.0,1.0,33.83368
0.24157692,2.0,2.0,60.29506
0.27738908,2.0,1.0,69.510284
0.10418385,2.0,1.0,49.859726
0.6953605,2.0,2.0,127.821434
0.3153412,2.0,2.0,69.510284
0.5008623,3.0,2.0,86.08161
0.05393944,1.0,2.0,31.044224
0.6414853,1.0,1.0,105.42543
0.15722288,2.0,1.0,58.45474
0.6471791,2.0,2.0,105.42543
0.096108705,1.0,1.0,49.859726
0.6697922,3.0,1.0,106.96099
0.53939736,1.0,1.0,93.81772
0.5842261,2.0,1.0,96.717384
0.3792937,2.0,2.0,81.277016
0.57232916,2.0,1.0,96.717384
0.08657056,1.0,2.0,48.578396
0.449705,1.0,1.0,84.10234
0.5679675,2.0,1.0,96.717384
0.6912155,3.0,2.0,127.821434
0.48691192,3.0,2.0,86.08161
0.6527685,3.0,1.0,106.96099
0.38167325,2.0,1.0,81.277016
0.30353266,3.0,1.0,69.510284
0.69230235,3.0,1.0,127.821434
0.62832344,3.0,2.0,99.58594
0.63093543,3.0,1.0,101.38465
0.1116343,2.0,2.0,49.859726
0.10806965,1.0,1.0,49.859726
0.0577831,1.0,1.0,33.83368
0.051558603,1.0,2.0,20.867117
0.62828505,3.0,1.0,99.58594
0.5659418,1.0,1.0,93.81772
0.69711196,2.0,1.0,131.19688
0.15114175,2.0,2.0,58.45474
0.48923406,3.0,1.0,86.08161
0.064857915,1.0,2.0,40.329266
0.5649943,1.0,1.0,93.81772
0.052860733,1.0,1.0,31.044224
0.5903502,2.0,1.0,96.717384
0.69506174,2.0,2.0,127.821434
0.54066306,1.0,1.0,93.81772
0.07641228,2.0,1.0,47.274284
0.06672784,3.0,1.0,40.863388
0.077316575,1.0,1.0,47.274284
0.05150991,2.0,2.0,20.867117
0.20976259,2.0,2.0,59.832237
0.05479035,3.0,1.0,31.044224
0.08444083,1.0,1.0,48.578396
0.1619616,1.0,1.0,58.45474
0.58257717,2.0,2.0,96.717384
0.698443,2.0,2.0,131.19688
0.62943965,1.0,2.0,99.58594
0.37081608,2.0,2.0,81.277016
0.5664805,1.0,2.0,93.81772
0.1553253,3.0,2.0,58.45474
0.17406465,2.0,2.0,59.832237
0.05882082,3.0,2.0,33.83368
0.38652772,2.0,1.0,81.277016
0.61811775,3.0,1.0,99.58594
0.61897796,1.0,1.0,99.58594
0.26435265,3.0,1.0,69.510284
0.6372312,2.0,2.0,105.42543
0.08594255,3.0,1.0,48.578396
0.62435526,1.0,2.0,99.58594
0.6510315,3.0,2.0,106.96099
0.58378255,1.0,2.0,96.717384
0.50018656,3.0,2.0,86.08161
0.5034233,3.0,2.0,86.08161
0.13190319,2.0,1.0,57.957638
0.11270296,2.0,1.0,49.859726
0.61679506,2.0,2.0,99.58594
0.06617847,3.0,1.0,40.329266
0.626112,2.0,2.0,99.58594
0.14783134,1.0,1.0,58.45474
0.0791988,1.0,2.0,48.578396
0.5245742,3.0,1.0,91.8296
0.05059414,1.0,2.0,18.941097
0.5226627,3.0,1.0,91.8296
0.18078166,3.0,2.0,59.832237
0.2259586,1.0,1.0,60.29506
0.07280559,1.0,2.0,47.274284
0.56396365,2.0,2.0,93.81772
0.21239918,1.0,2.0,59.832237
0.06492545,1.0,1.0,40.329266
0.63906103,3.0,1.0,105.42543
0.4492695,2.0,2.0,84.10234
0.09115299,1.0,2.0,49.859726
0.114546135,3.0,2.0,49.859726
0.68391937,2.0,1.0,121.72378
0.47195557,1.0,1.0,86.08161
0.32782713,1.0,2.0,70.28846
0.102069564,1.0,1.0,49.859726
0.6839068,2.0,1.0,121.72378
0.33482432,1.0,2.0,70.28846
0.6278175,3.0,1.0,99.58594
0.6226803,2.0,1.0,99.58594
0.27217174,3.0,1.0,69.510284
0.55908924,3.0,1.0,93.81772
0.053071827,1.0,1.0,31.044224
0.6773739,3.0,2.0,106.96099
0.249515,3.0,1.0,69.510284
0.55345637,1.0,2.0,93.81772
0.36978677,1.0,1.0,81.277016
0.6302329,3.0,2.0,99.58594
0.05273825,1.0,2.0,20.867117
0.05147603,3.0,2.0,20.867117
0.28918892,2.0,2.0,69.510284
0.11158109,1.0,1.0,49.859726
0.56006145,3.0,1.0,93.81772
0.4524039,1.0,2.0,84.10234
0.6835468,1.0,2.0,114.870514
0.51285255,2.0,2.0,86.73382
0.17636636,3.0,2.0,59.832237
0.59557164,3.0,2.0,96.717384
0.3911969,2.0,2.0,81.277016
0.3400341,3.0,2.0,70.28846
0.6289535,2.0,2.0,99.58594
0.052993283,3.0,1.0,31.044224
0.31773832,1.0,2.0,69.510284
0.23223872,3.0,2.0,60.29506
0.30901566,2.0,2.0,69.510284
0.6934906,2.0,1.0,127.821434
0.6862202,3.0,1.0,121.72378
0.1424306,1.0,1.0,57.957638
0.58792084,2.0,2.0,96.717384
0.61114955,3.0,2.0,99.58594
0.16447613,1.0,2.0,58.45474
0.48825455,3.0,1.0,86.08161
0.40472445,3.0,2.0,81.277016
0.63174623,1.0,1.0,102.5032
0.20543033,3.0,2.0,59.832237
0.69550514,3.0,2.0,127.821434
0.05152203,1.0,2.0,20.867117
0.1713512,1.0,2.0,59.832237
0.12181078,2.0,2.0,57.957638
0.45868686,2.0,2.0,84.10234
0.0819809,2.0,2.0,48.578396
0.24856026,1.0,1.0,69.510284
0.5597134,2.0,1.0,93.81772
0.05222908,1.0,2.0,20.867117
0.69256276,3.0,1.0,127.821434
0.56796736,1.0,1.0,96.717384
0.09411051,2.0,1.0,49.859726
0.68906,3.0,2.0,121.72378
0.32727355,2.0,2.0,70.28846
0.066865526,2.0,1.0,40.863388
0.1588777,1.0,2.0,58.45474
0.6868968,2.0,1.0,121.72378
0.20641105,2.0,2.0,59.832237
0.057746332,2.0,1.0,33.83368
0.27137068,3.0,1.0,69.510284
0.11890498,1.0,1.0,54.814487
0.08495993,3.0,2.0,48.578396
0.2678946,2.0,2.0,69.510284
0.05362149,2.0,2.0,31.044224
0.25616226,1.0,2.0,69.510284
0.14406231,3.0,2.0,57.957638
0.6377869,3.0,1.0,105.42543
0.61592406,1.0,1.0,99.58594
0.37012205,1.0,1.0,81.277016
0.07189232,2.0,1.0,47.274284
0.078847736,1.0,2.0,47.274284
0.20625123,1.0,1.0,59.832237
0.64763457,2.0,2.0,106.96099
0.6723231,3.0,1.0,106.96099
0.09097637,2.0,1.0,49.859726
0.6876251,2.0,2.0,121.72378
0.18627405,3.0,2.0,59.832237
0.30935395,1.0,1.0,69.510284
0.6950481,1.0,1.0,127.821434
0.4296429,2.0,2.0,84.10234
0.63490725,3.0,1.0,105.42543
0.06399489,1.0,1.0,40.329266
0.6733326,3.0,2.0,106.96099
0.6625049,3.0,1.0,106.96099
0.54405224,2.0,2.0,93.81772
0.13756105,1.0,1.0,57.957638
0.25606725,1.0,1.0,69.510284
0.06652631,1.0,2.0,40.863388
0.59694195,3.0,2.0,96.717384
0.05037117,1.0,2.0,14.952889
0.056147527,2.0,2.0,31.044224
0.64143556,1.0,1.0,105.42543
0.1840996,1.0,2.0,59.832237
0.30940592,2.0,2.0,69.510284
0.075835526,1.0,2.0,47.274284
0.15556732,1.0,2.0,58.45474
0.11108609,1.0,2.0,49.859726
0.6945867,3.0,2.0,127.821434
0.687854,2.0,1.0,121.72378
0.6845805,3.0,2.0,121.72378
0.219953,1.0,2.0,59.832237
0.55484825,1.0,2.0,93.81772
0.11306298,3.0,2.0,49.859726
0.43420044,2.0,1.0,84.10234
0.41078696,1.0,1.0,81.277016
0.67987573,2.0,1.0,112.35582
0.2928844,1.0,1.0,69.510284
0.35871312,1.0,1.0,81.277016
0.0716631,2.0,2.0,47.274284
0.05153409,1.0,1.0,20.867117
0.6283181,1.0,2.0,99.58594
0.22745717,1.0,2.0,60.29506
0.06376387,3.0,2.0,34.945984
0.49596283,1.0,2.0,86.08161
0.67473614,3.0,2.0,106.96099
0.07836634,3.0,2.0,47.274284
0.35717463,3.0,2.0,81.277016
0.4986101,1.0,1.0,86.08161
0.6356553,3.0,1.0,105.42543
0.16931908,1.0,2.0,59.832237
0.6838799,1.0,2.0,121.72378
0.46381965,1.0,2.0,84.10234
0.07627532,1.0,1.0,47.274284
0.67518574,1.0,1.0,106.96099
0.3328208,1.0,1.0,70.28846
0.61671084,3.0,2.0,99.58594
0.25675526,2.0,1.0,69.510284
0.6085002,2.0,1.0,99.03558
0.11284718,2.0,2.0,49.859726
0.59437084,1.0,2.0,96.717384
0.60881627,1.0,2.0,99.03558
0.08104618,1.0,2.0,48.578396
0.5185203,3.0,1.0,86.73382
0.21671975,3.0,2.0,59.832237
0.123775594,2.0,2.0,57.957638
0.058837544,1.0,1.0,33.83368
0.6517356,3.0,1.0,106.96099
0.65398765,1.0,1.0,106.96099
0.097474396,1.0,2.0,49.859726
0.4765286,1.0,1.0,86.08161
0.6660895,3.0,1.0,106.96099
0.26378456,2.0,1.0,69.510284
0.68704146,3.0,1.0,121.72378
0.5544908,1.0,2.0,93.81772
0.56247914,1.0,2.0,93.81772
0.4440082,2.0,1.0,84.10234
0.4917905,1.0,1.0,86.08161
0.051349808,1.0,2.0,20.867117
0.24443507,2.0,2.0,60.29506
0.589318,1.0,1.0,96.717384
0.31931216,2.0,2.0,69.510284
0.060411055,1.0,1.0,34.945984
0.54854846,2.0,1.0,93.81772
0.060097266,3.0,1.0,34.945984
0.4076702,3.0,1.0,81.277016
0.21041915,3.0,2.0,59.832237
0.4506946,1.0,2.0,84.10234
0.49158207,2.0,1.0,86.08161
0.3130814,1.0,2.0,69.510284
0.17270185,1.0,2.0,59.832237
0.3958856,1.0,2.0,81.277016
0.63612515,3.0,2.0,105.42543
0.50013256,1.0,1.0,86.08161
0.325265,3.0,2.0,70.28846
0.29837424,2.0,2.0,69.510284
0.68124455,1.0,1.0,114.870514
0.08356166,2.0,2.0,48.578396
0.47880304,1.0,1.0,86.08161
0.5861904,2.0,2.0,96.717384
0.65857625,3.0,2.0,106.96099
0.061055444,1.0,1.0,34.945984
0.050334558,2.0,2.0,14.952889
0.0650166,1.0,1.0,40.329266
0.079160236,2.0,1.0,48.578396
0.05986158,1.0,2.0,33.83368
0.0758838,1.0,2.0,47.274284
0.6794222,3.0,2.0,112.35582
0.5218997,1.0,2.0,86.73382
0.076729715,2.0,2.0,47.274284
0.41571677,2.0,1.0,84.10234
0.060801517,1.0,1.0,34.945984
0.17144243,1.0,1.0,59.832237
0.123412214,1.0,2.0,57.957638
0.05204504,1.0,2.0,20.867117
0.05003502,1.0,1.0,13.531126
0.15045305,1.0,1.0,58.45474
0.07501775,1.0,2.0,47.274284
0.18748929,3.0,1.0,59.832237
0.607115,3.0,1.0,99.03558
0.64983726,2.0,2.0,106.96099
0.627142,1.0,2.0,99.58594
0.67596674,1.0,2.0,106.96099
0.06895737,3.0,1.0,47.274284
0.08856098,1.0,1.0,48.578396
0.4741497,2.0,2.0,86.08161
0.3214105,1.0,1.0,70.28846
0.050966416,3.0,2.0,20.867117
0.40216333,3.0,1.0,81.277016
0.52350867,3.0,1.0,91.8296
0.4620369,3.0,2.0,84.10234
0.27349392,2.0,2.0,69.510284
0.6662816,3.0,2.0,106.96099
0.2740539,2.0,1.0,69.510284
0.6462367,2.0,2.0,105.42543
0.07783668,1.0,2.0,47.274284
0.18836538,1.0,2.0,59.832237
0.45422825,3.0,1.0,84.10234
0.06339249,1.0,1.0,34.945984
0.20090969,3.0,2.0,59.832237
0.57610863,1.0,2.0,96.717384
0.41963652,3.0,1.0,84.10234
0.061185274,2.0,2.0,34.945984
0.19346084,1.0,1.0,59.832237
0.05971793,2.0,2.0,33.83368
0.64293224,3.0,2.0,105.42543
0.6594966,2.0,1.0,106.96099
0.42444223,1.0,2.0,84.10234
0.6950251,1.0,2.0,127.821434
0.45121044,1.0,2.0,84.10234
0.58468664,3.0,2.0,96.717384
0.520563,1.0,2.0,86.73382
0.0677228,1.0,1.0,40.863388
0.056003686,1.0,2.0,31.044224
0.118972935,1.0,1.0,54.814487
0.53578687,1.0,2.0,91.8296
0.3574957,3.0,2.0,81.277016
0.66937995,3.0,2.0,106.96099
0.6366096,3.0,2.0,105.42543
0.050109867,1.0,1.0,14.952889
0.12781902,1.0,1.0,57.957638
0.22204004,1.0,1.0,60.29506
0.49331188,3.0,2.0,86.08161
0.5957306,3.0,2.0,96.717384
0.3196256,3.0,1.0,70.28846
0.098605454,1.0,1.0,49.859726
0.55496687,1.0,2.0,93.81772
0.19000347,3.0,2.0,59.832237
0.050734848,1.0,2.0,18.941097
0.34443662,3.0,1.0,74.982155
0.390358,3.0,2.0,81.277016
0.45263553,3.0,1.0,84.10234
0.5866575,3.0,1.0,96.717384
0.5871942,2.0,2.0,96.717384
0.15757968,3.0,2.0,58.45474
0.086692944,2.0,2.0,48.578396
0.55883354,1.0,1.0,93.81772
0.18912232,1.0,2.0,59.832237
0.64663804,3.0,2.0,105.42543
0.31905204,1.0,2.0,69.510284
0.26144207,2.0,1.0,69.510284
0.6970812,3.0,1.0,131.19688
0.62112844,2.0,1.0,99.58594
0.6110848,1.0,2.0,99.58594
0.27050465,2.0,1.0,69.510284
0.08011365,1.0,1.0,48.578396
0.67829216,3.0,2.0,106.96099
0.18688147,1.0,1.0,59.832237
0.05162608,2.0,2.0,20.867117
0.55951786,1.0,2.0,93.81772
0.6839267,3.0,1.0,121.72378
0.6049404,1.0,1.0,96.717384
0.32669836,2.0,1.0,70.28846
0.05017401,1.0,1.0,14.952889
0.58015263,1.0,2.0,96.717384
0.45097846,2.0,1.0,84.10234
0.062374994,1.0,2.0,34.945984
0.17028064,1.0,2.0,59.832237
0.57898456,2.0,1.0,96.717384
0.1565229,1.0,1.0,58.45474
0.6454343,2.0,2.0,105.42543
0.1408081,1.0,1.0,57.957638
0.05031258,1.0,2.0,14.952889
0.1022739,1.0,1.0,49.859726
0.058048703,1.0,1.0,33.83368
0.69740856,2.0,1.0,131.19688
0.39251515,3.0,2.0,81.277016
0.6892436,3.0,1.0,127.821434
0.14786035,1.0,1.0,58.45474
0.5604151,3.0,1.0,93.81772
0.16419505,1.0,2.0,58.45474
0.06762298,1.0,1.0,40.863388
0.16701522,1.0,1.0,59.832237
0.4236247,1.0,1.0,84.10234
0.65119964,3.0,1.0,106.96099
0.34181628,3.0,2.0,70.28846
0.27012622,1.0,1.0,69.510284
0.1434156,1.0,2.0,57.957638
0.15815218,2.0,2.0,58.45474
0.6979733,1.0,1.0,131.19688
0.5938691,1.0,1.0,96.717384
0.6588174,1.0,1.0,106.96099
0.054881673,1.0,2.0,31.044224
0.69125384,3.0,1.0,127.821434
0.24457179,2.0,1.0,68.187965
0.3426805,3.0,1.0,73.48253
0.5844952,1.0,1.0,96.717384
0.05169452,1.0,2.0,20.867117
0.22749734,1.0,2.0,60.29506
0.101580165,1.0,2.0,49.859726
0.06033896,1.0,2.0,34.945984
0.28102127,2.0,2.0,69.510284
0.18555064,2.0,2.0,59.832237
0.2927743,3.0,1.0,69.510284
0.16355926,1.0,2.0,58.45474
0.14656432,1.0,2.0,57.957638
0.07341791,1.0,1.0,47.274284
0.6948641,3.0,2.0,127.821434
0.052762754,1.0,1.0,31.044224
0.053228665,2.0,1.0,31.044224
0.08923686,3.0,2.0,48.578396
0.5048786,1.0,2.0,86.73382
0.31896442,1.0,2.0,69.510284
0.49367172,3.0,2.0,86.08161
0.065352015,1.0,1.0,40.329266
0.63562334,2.0,1.0,105.42543
0.3415187,2.0,2.0,70.28846
0.08897629,3.0,1.0,48.578396
0.31147948,1.0,2.0,69.510284
0.45384273,1.0,1.0,84.10234
0.45603696,3.0,1.0,84.10234
0.18703583,2.0,2.0,59.832237
0.42972103,2.0,2.0,84.10234
0.05721799,2.0,2.0,31.044224
0.6446758,1.0,2.0,105.42543
0.59358466,3.0,2.0,96.717384
0.62744975,3.0,2.0,99.58594
0.51050484,2.0,1.0,86.73382
0.28696927,2.0,2.0,69.510284
0.0638479,1.0,2.0,34.945984
0.42740586,1.0,1.0,84.10234
0.69376355,3.0,1.0,127.821434
0.14563507,3.0,2.0,57.957638
0.60841495,3.0,1.0,99.03558
0.18970802,3.0,2.0,59.832237
0.06757522,1.0,1.0,40.863388
0.11430506,3.0,2.0,49.859726
0.558536,3.0,1.0,93.81772
0.42130953,1.0,1.0,84.10234
0.06872958,1.0,1.0,47.274284
0.6952949,2.0,2.0,127.821434
0.44702786,1.0,2.0,84.10234
0.11178362,1.0,2.0,49.859726
0.578239,1.0,2.0,96.717384
0.5356871,2.0,1.0,91.8296
0.5892391,1.0,2.0,96.717384
0.11998157,1.0,1.0,57.957638
0.08382092,1.0,1.0,48.578396
0.18077499,2.0,2.0,59.832237
0.37902904,1.0,2.0,81.277016
0.65065783,1.0,1.0,106.96099
0.32067057,1.0,1.0,70.28846
0.22164617,1.0,1.0,60.29506
0.6930627,1.0,1.0,127.821434
0.6168831,3.0,1.0,99.58594
0.09578851,3.0,2.0,49.859726
0.50579304,3.0,1.0,86.73382
0.620022,2.0,2.0,99.58594
0.2885821,1.0,2.0,69.510284
0.40076423,2.0,1.0,81.277016
0.14490083,1.0,2.0,57.957638
0.46050397,1.0,2.0,84.10234
0.1751691,1.0,2.0,59.832237
0.06031731,1.0,2.0,34.945984
0.5720242,3.0,2.0,96.717384
0.67092204,2.0,1.0,106.96099
0.69659907,2.0,1.0,131.19688
0.6459557,3.0,2.0,105.42543
0.6706784,1.0,1.0,106.96099
0.32732612,3.0,1.0,70.28846
0.10046446,3.0,2.0,49.859726
0.05374508,3.0,1.0,31.044224
0.44195688,2.0,1.0,84.10234
0.44569567,1.0,1.0,84.10234
0.64427817,3.0,2.0,105.42543
0.08275043,1.0,2.0,48.578396
0.19159825,3.0,2.0,59.832237
0.5684104,2.0,1.0,96.717384
0.40079793,2.0,2.0,81.277016
0.055428483,3.0,2.0,31.044224
0.5496327,1.0,2.0,93.81772
0.093164146,1.0,1.0,49.859726
0.1274304,1.0,2.0,57.957638
0.22742678,3.0,2.0,60.29506
0.6254584,2.0,2.0,99.58594
0.23103257,3.0,1.0,60.29506
0.10561357,1.0,1.0,49.859726
0.68966264,1.0,1.0,127.821434
0.083078995,1.0,1.0,48.578396
0.50024986,2.0,1.0,86.08161
0.08655712,1.0,1.0,48.578396
0.48743978,1.0,1.0,86.08161
0.50220543,1.0,1.0,86.08161
0.5218985,3.0,2.0,86.73382
0.6562158,3.0,1.0,106.96099
0.2734768,3.0,1.0,69.510284
0.68891495,2.0,2.0,121.72378
0.08638345,1.0,1.0,48.578396
0.50819606,3.0,2.0,86.73382
0.06384796,3.0,1.0,34.945984
0.15909542,2.0,2.0,58.45474
0.60669833,1.0,2.0,96.717384
0.23222573,1.0,2.0,60.29506
0.058072194,1.0,2.0,33.83368
0.069325775,1.0,1.0,47.274284
0.6079029,1.0,2.0,99.03558
0.5196815,1.0,2.0,86.73382
0.11518088,2.0,2.0,49.859726
0.124326296,2.0,2.0,57.957638
0.6899451,3.0,1.0,127.821434
0.20083421,2.0,1.0,59.832237
0.061594807,1.0,2.0,34.945984
0.0947151,2.0,2.0,49.859726
0.06584309,1.0,1.0,40.329266
0.057347164,2.0,1.0,33.83368
0.4303305,3.0,2.0,84.10234
0.1664254,1.0,1.0,59.832237
0.28537324,3.0,1.0,69.510284
0.07066565,1.0,2.0,47.274284
0.69574904,1.0,1.0,131.19688
0.6428757,1.0,2.0,105.42543
0.40412146,1.0,2.0,81.277016
0.32882154,1.0,2.0,70.28846
0.453992,1.0,1.0,84.10234
0.4686958,2.0,1.0,86.08161
0.09778544,2.0,1.0,49.859726
0.11065033,1.0,2.0,49.859726
0.68770576,1.0,1.0,121.72378
0.28388926,2.0,2.0,69.510284
0.06174553,3.0,1.0,34.945984
0.24898271,1.0,1.0,69.510284
0.08383722,2.0,2.0,48.578396
0.14818145,1.0,2.0,58.45474
0.06302586,3.0,2.0,34.945984
0.540498,3.0,1.0,93.81772
0.6938436,3.0,2.0,127.821434
0.08413913,1.0,2.0,48.578396
0.05572079,1.0,2.0,31.044224
0.09639886,3.0,1.0,49.859726
0.16801788,1.0,1.0,59.832237
0.6324864,3.0,1.0,102.5032
0.06272109,1.0,2.0,34.945984
0.6898571,2.0,1.0,127.821434
0.46593148,2.0,2.0,84.10234
0.69279754,1.0,1.0,127.821434
0.13788693,3.0,2.0,57.957638
0.45345142,1.0,2.0,84.10234
0.06966743,1.0,1.0,47.274284
0.6370201,1.0,1.0,105.42543
0.19009805,1.0,1.0,59.832237
0.14587186,3.0,2.0,57.957638
0.4236019,2.0,1.0,84.10234
0.5789776,2.0,1.0,96.717384
0.13407964,1.0,2.0,57.957638
0.60582376,3.0,2.0,96.717384
0.6662819,3.0,2.0,106.96099
0.55156463,1.0,1.0,93.81772
0.17243253,1.0,1.0,59.832237
0.5201182,3.0,2.0,86.73382
0.25691405,2.0,1.0,69.510284
0.41222042,3.0,2.0,81.277016
0.6101699,2.0,1.0,99.58594
0.05053649,2.0,2.0,18.941097
0.6179386,1.0,1.0,99.58594
0.3095115,1.0,2.0,69.510284
0.6748765,3.0,1.0,106.96099
0.08070761,3.0,1.0,48.578396
0.6317966,1.0,1.0,102.5032
0.10951468,1.0,2.0,49.859726
0.12650532,3.0,2.0,57.957638
0.12147628,3.0,1.0,57.957638
0.5938062,2.0,1.0,96.717384
0.69356227,1.0,1.0,127.821434
0.08793113,2.0,1.0,48.578396
0.10330837,3.0,2.0,49.859726
0.1241522,1.0,2.0,57.957638
0.6500851,2.0,2.0,106.96099
0.15292653,3.0,2.0,58.45474
0.26001367,3.0,1.0,69.510284
0.051298298,1.0,2.0,20.867117
0.6824678,3.0,2.0,114.870514
0.37423232,1.0,2.0,81.277016
0.060690876,3.0,2.0,34.945984
0.12086822,2.0,1.0,57.957638
0.66470915,3.0,2.0,106.96099
0.16307192,3.0,2.0,58.45474
0.113016486,2.0,2.0,49.859726
0.05475956,3.0,2.0,31.044224
0.28733426,1.0,1.0,69.510284
0.056030195,2.0,1.0,31.044224
0.2762864,1.0,1.0,69.510284
0.090969615,2.0,2.0,48.578396
0.49306825,1.0,1.0,86.08161
0.47785518,2.0,1.0,86.08161
0.08690777,1.0,2.0,48.578396
0.094244435,2.0,2.0,49.859726
0.37118477,3.0,2.0,81.277016
0.071330264,2.0,2.0,47.274284
0.14406121,1.0,2.0,57.957638
0.1633302,3.0,1.0,58.45474
0.4345514,1.0,1.0,84.10234
0.24798095,1.0,2.0,69.510284
0.4593378,2.0,2.0,84.10234
0.47177702,2.0,1.0,86.08161
0.23620531,3.0,1.0,60.29506
0.0602375,3.0,1.0,34.945984
0.25161654,1.0,1.0,69.510284
0.6062901,1.0,2.0,96.717384
0.6274491,1.0,2.0,99.58594
0.24708648,1.0,1.0,69.510284
0.6591004,3.0,1.0,106.96099
0.058135465,1.0,1.0,33.83368
0.6893987,3.0,1.0,127.821434
0.30091056,2.0,2.0,69.510284
0.05799518,1.0,2.0,33.83368
0.5902443,3.0,2.0,96.717384
0.5558011,1.0,1.0,93.81772
0.09660834,1.0,2.0,49.859726
0.06397011,1.0,2.0,34.945984
0.1953659,1.0,2.0,59.832237
0.056238532,2.0,2.0,31.044224
0.1874805,2.0,2.0,59.832237
0.32890522,1.0,2.0,70.28846
0.5483719,2.0,1.0,93.81772
0.67841685,3.0,2.0,106.96099
0.05189818,3.0,2.0,20.867117
0.050633695,1.0,1.0,18.941097
0.56593317,2.0,2.0,93.81772
0.64596653,3.0,1.0,105.42543
0.47510514,1.0,1.0,86.08161
0.05023318,2.0,2.0,14.952889
0.051784456,3.0,1.0,20.867117
0.3852229,3.0,2.0,81.277016
0.35897455,3.0,1.0,81.277016
0.4078447,3.0,2.0,81.277016
0.3212881,3.0,2.0,70.28846
0.31892765,3.0,2.0,69.510284
0.05698608,1.0,1.0,31.044224
0.42904678,2.0,2.0,84.10234
0.32176605,2.0,2.0,70.28846
0.53844887,3.0,2.0,91.8296
0.17375542,1.0,1.0,59.832237
0.69909656,2.0,2.0,131.19688
0.055089522,1.0,2.0,31.044224
0.058252215,1.0,2.0,33.83368
0.39483738,3.0,2.0,81.277016
0.68876415,2.0,2.0,121.72378
0.3909724,2.0,1.0,81.277016
0.077645764,2.0,1.0,47.274284
0.6678548,3.0,1.0,106.96099
0.46934313,3.0,1.0,86.08161
0.05110103,1.0,1.0,20.867117
0.6541915,1.0,1.0,106.96099
0.41496047,1.0,2.0,81.277016
0.16143866,1.0,2.0,58.45474
0.6233984,2.0,2.0,99.58594
0.6669654,3.0,2.0,106.96099
0.45029467,2.0,1.0,84.10234
0.20281005,1.0,2.0,59.832237
0.27457395,3.0,2.0,69.510284
0.19853036,1.0,1.0,59.832237
0.4990279,1.0,1.0,86.08161
0.08204538,1.0,1.0,48.578396
0.6475337,1.0,1.0,106.96099
0.6867072,3.0,2.0,121.72378
0.5015561,3.0,2.0,86.08161
0.24280731,3.0,2.0,60.29506
0.3166611,2.0,2.0,69.510284
0.1398896,1.0,1.0,57.957638
0.17382702,1.0,2.0,59.832237
0.060344253,1.0,2.0,34.945984
0.25123918,1.0,2.0,69.510284
0.31421873,1.0,1.0,69.510284
0.5538081,1.0,1.0,93.81772
0.6689572,2.0,2.0,106.96099
0.1722964,2.0,1.0,59.832237
0.10465056,3.0,2.0,49.859726
0.30994034,3.0,1.0,69.510284
0.18526371,2.0,1.0,59.832237
0.21810967,3.0,2.0,59.832237
0.6050136,2.0,1.0,96.717384
0.20377287,1.0,2.0,59.832237
0.65691435,3.0,1.0,106.96099
0.5036537,1.0,1.0,86.73382
0.15020926,3.0,1.0,58.45474
0.16926919,1.0,1.0,59.832237
0.3090691,1.0,2.0,69.510284
0.634835,3.0,2.0,102.5032
0.5395789,1.0,1.0,93.81772
0.06265461,1.0,2.0,34.945984
0.45261997,2.0,2.0,84.10234
0.69290143,1.0,1.0,127.821434
0.12678592,1.0,2.0,57.957638
0.1647131,3.0,1.0,58.45474
0.15222579,3.0,2.0,58.45474
0.63098454,2.0,2.0,101.38465
0.5330019,1.0,2.0,91.8296
0.3048581,1.0,2.0,69.510284
0.08490969,1.0,1.0,48.578396
0.19463682,1.0,1.0,59.832237
0.15486865,3.0,2.0,58.45474
0.22675055,2.0,1.0,60.29506
0.44501215,3.0,1.0,84.10234
0.23613653,1.0,1.0,60.29506
0.0770838,3.0,2.0,47.274284
0.28735477,3.0,2.0,69.510284
0.08913064,2.0,2.0,48.578396
0.11079039,2.0,1.0,49.859726
0.6524779,1.0,1.0,106.96099
0.19943202,1.0,2.0,59.832237
0.65722185,2.0,2.0,106.96099
0.1517961,2.0,1.0,58.45474
0.050752487,2.0,2.0,18.941097
0.07631448,1.0,2.0,47.274284
0.4876038,2.0,2.0,86.08161
0.56162566,1.0,2.0,93.81772
0.14169778,3.0,1.0,57.957638
0.3537202,1.0,1.0,81.277016
0.106348306,1.0,1.0,49.859726
0.06391781,2.0,2.0,34.945984
0.17802976,2.0,2.0,59.832237
0.6441969,2.0,1.0,105.42543
0.050036952,1.0,2.0,13.531126
0.6297035,3.0,2.0,99.58594
0.188211,1.0,2.0,59.832237
0.051207185,1.0,2.0,20.867117
0.2720804,1.0,2.0,69.510284
0.6739345,3.0,2.0,106.96099
0.57542926,3.0,2.0,96.717384
0.64817655,3.0,1.0,106.96099
0.31919616,1.0,2.0,69.510284
0.69404215,3.0,2.0,127.821434
0.14789473,1.0,1.0,58.45474
0.5524752,1.0,2.0,93.81772
0.46749705,2.0,2.0,84.10234
0.66172665,3.0,1.0,106.96099
0.36773276,1.0,1.0,81.277016
0.47826892,3.0,2.0,86.08161
0.13268153,1.0,2.0,57.957638
0.69509655,2.0,2.0,127.821434
0.37332606,1.0,1.0,81.277016
0.69568706,1.0,2.0,127.821434
0.051896177,1.0,2.0,20.867117
0.2005424,3.0,1.0,59.832237
0.5839504,3.0,1.0,96.717384
0.17109546,1.0,1.0,59.832237
0.25444177,1.0,1.0,69.510284
0.4558559,3.0,2.0,84.10234
0.613957,3.0,1.0,99.58594
0.066538244,3.0,1.0,40.863388
0.36286184,1.0,2.0,81.277016
0.37600377,1.0,2.0,81.277016
0.18783636,1.0,1.0,59.832237
0.25539333,2.0,1.0,69.510284
0.4716743,1.0,1.0,86.08161
0.668009,3.0,2.0,106.96099
0.6663836,1.0,1.0,106.96099
0.14826705,3.0,2.0,58.45474
0.6061478,3.0,2.0,96.717384
0.69610745,3.0,2.0,131.19688
0.67256725,3.0,2.0,106.96099
0.60090554,2.0,2.0,96.717384
0.0918374,1.0,1.0,49.859726
0.4127528,2.0,2.0,81.277016
0.35823894,1.0,2.0,81.277016
0.09132056,1.0,1.0,49.859726
0.5319889,2.0,1.0,91.8296
0.072892256,1.0,1.0,47.274284
0.55174506,1.0,2.0,93.81772
0.2532414,1.0,2.0,69.510284
0.6971514,3.0,2.0,131.19688
0.09319507,3.0,1.0,49.859726
0.38841078,3.0,1.0,81.277016
0.056177218,2.0,2.0,31.044224
0.44584668,1.0,2.0,84.10234
0.58985585,1.0,1.0,96.717384
0.6058731,3.0,1.0,96.717384
0.2864471,1.0,1.0,69.510284
0.14181226,2.0,1.0,57.957638
0.4990873,3.0,2.0,86.08161
0.6963379,3.0,2.0,131.19688
0.052187983,1.0,2.0,20.867117
0.06896446,1.0,1.0,47.274284
0.061166637,1.0,2.0,34.945984
0.6729773,3.0,2.0,106.96099
0.10757286,3.0,1.0,49.859726
0.6767798,2.0,2.0,106.96099
0.06168341,1.0,1.0,34.945984
0.55684257,3.0,1.0,93.81772
0.061843455,1.0,2.0,34.945984
0.18055978,1.0,1.0,59.832237
0.34662262,2.0,1.0,74.982155
0.14075567,1.0,2.0,57.957638
0.6280421,1.0,2.0,99.58594
0.11067508,3.0,2.0,49.859726
0.6558112,3.0,1.0,106.96099
0.12044207,1.0,2.0,57.957638
0.052256744,3.0,1.0,20.867117
0.5855505,1.0,2.0,96.717384
0.6517248,2.0,1.0,106.96099
0.10556665,1.0,2.0,49.859726
0.63692194,1.0,1.0,105.42543
0.6672475,1.0,2.0,106.96099
0.55417424,3.0,2.0,93.81772
0.23043875,2.0,2.0,60.29506
0.6904892,3.0,1.0,127.821434
0.39105725,1.0,1.0,81.277016
0.65084016,3.0,2.0,106.96099
0.18980575,3.0,2.0,59.832237
0.052359283,1.0,2.0,20.867117
0.59765106,1.0,2.0,96.717384
0.30503064,1.0,1.0,69.510284
0.43497398,3.0,2.0,84.10234
0.12592818,1.0,1.0,57.957638
0.1388212,3.0,2.0,57.957638
0.57523257,3.0,2.0,96.717384
0.5399884,2.0,1.0,93.81772
0.050665185,2.0,1.0,18.941097
0.14319059,3.0,1.0,57.957638
0.58770484,2.0,2.0,96.717384
0.6629829,2.0,1.0,106.96099
0.23733863,1.0,2.0,60.29506
0.065006025,2.0,1.0,40.329266
0.1228383,1.0,1.0,57.957638
0.17758383,2.0,1.0,59.832237
0.11969893,1.0,2.0,54.814487
0.42949593,2.0,1.0,84.10234
0.4650596,1.0,1.0,84.10234
0.635964,3.0,2.0,105.42543
0.137712,2.0,1.0,57.957638
0.39303488,3.0,1.0,81.277016
0.08874269,2.0,1.0,48.578396
0.19971357,1.0,2.0,59.832237
0.6131952,3.0,2.0,99.58594
0.39220366,2.0,2.0,81.277016
0.56895286,1.0,2.0,96.717384
0.67571056,2.0,1.0,106.96099
0.5624137,2.0,2.0,93.81772
0.17582692,1.0,2.0,59.832237
0.095247425,1.0,1.0,49.859726
0.6746898,2.0,1.0,106.96099
0.5621121,3.0,2.0,93.81772
0.54156065,1.0,1.0,93.81772
0.65930915,3.0,1.0,106.96099
0.46202806,3.0,2.0,84.10234
0.6688727,2.0,2.0,106.96099
0.056082334,1.0,1.0,31.044224
0.52101505,3.0,2.0,86.73382
0.11198988,3.0,2.0,49.859726
0.26909813,3.0,1.0,69.510284
0.059925456,2.0,2.0,33.83368
0.10239902,3.0,2.0,49.859726
0.49971473,2.0,2.0,86.08161
0.18605453,1.0,2.0,59.832237
0.15895364,2.0,1.0,58.45474
0.18729837,2.0,2.0,59.832237
0.6924044,2.0,2.0,127.821434
0.6926722,3.0,2.0,127.821434
0.3388813,3.0,1.0,70.28846
0.09510833,3.0,1.0,49.859726
0.680548,3.0,2.0,112.35582
0.2549953,1.0,2.0,69.510284
0.07695395,1.0,2.0,47.274284
0.24224104,2.0,1.0,60.29506
0.686922,3.0,2.0,121.72378
0.075868286,1.0,1.0,47.274284
0.2109283,3.0,2.0,59.832237
0.083871596,3.0,1.0,48.578396
0.59572154,2.0,2.0,96.717384
0.44097874,1.0,1.0,84.10234
0.529316,2.0,2.0,91.8296
0.13558249,1.0,1.0,57.957638
0.5227855,1.0,1.0,91.8296
0.26766208,3.0,1.0,69.510284
0.6798096,3.0,2.0,112.35582
0.6593507,3.0,2.0,106.96099
0.21242243,2.0,2.0,59.832237
0.6625119,3.0,1.0,106.96099
0.33153114,1.0,1.0,70.28846
0.22028191,3.0,2.0,59.832237
0.45080993,3.0,2.0,84.10234
0.5019183,3.0,2.0,86.08161
0.05870532,1.0,1.0,33.83368
0.4053671,1.0,2.0,81.277016
0.6971158,2.0,2.0,131.19688
0.068267345,2.0,2.0,40.863388
0.4915268,1.0,2.0,86.08161
0.37965968,3.0,2.0,81.277016
0.11303797,1.0,2.0,49.859726
0.13096225,2.0,2.0,57.957638
0.56722337,3.0,1.0,96.717384
0.44279236,3.0,2.0,84.10234
0.21915546,1.0,1.0,59.832237
0.63955283,1.0,1.0,105.42543
0.54027927,3.0,2.0,93.81772
0.67390674,1.0,2.0,106.96099
0.68373835,3.0,1.0,117.182335
0.40964538,1.0,2.0,81.277016
0.20534937,2.0,1.0,59.832237
0.6454688,3.0,2.0,105.42543
0.43667102,1.0,2.0,84.10234
0.17577298,2.0,2.0,59.832237
0.13417038,1.0,2.0,57.957638
0.59800667,3.0,2.0,96.717384
0.4105167,1.0,1.0,81.277016
0.05286816,1.0,2.0,31.044224
0.4545238,3.0,1.0,84.10234
0.054984305,3.0,2.0,31.044224
0.16339357,2.0,2.0,58.45474
0.64950633,2.0,1.0,106.96099
0.13775457,1.0,1.0,57.957638
0.69385505,1.0,2.0,127.821434
0.05004891,1.0,2.0,13.531126
0.14725402,2.0,2.0,58.45474
0.08667237,3.0,2.0,48.578396
0.48692575,3.0,2.0,86.08161
0.59283316,2.0,1.0,96.717384
0.17351373,3.0,2.0,59.832237
0.3469119,2.0,1.0,74.982155
0.63217604,3.0,1.0,102.5032
0.59803396,1.0,2.0,96.717384
0.5456573,1.0,2.0,93.81772
0.054687016,1.0,1.0,31.044224
0.055271484,1.0,1.0,31.044224
0.22247435,3.0,1.0,60.29506
0.6044613,1.0,2.0,96.717384
0.050599292,1.0,2.0,18.941097
0.6461041,1.0,1.0,105.42543
0.48313218,3.0,2.0,86.08161
0.42757988,1.0,2.0,84.10234
0.66484207,2.0,2.0,106.96099
0.5605523,3.0,2.0,93.81772
0.18504654,2.0,2.0,59.832237
0.13737918,1.0,2.0,57.957638
0.20226842,3.0,1.0,59.832237
0.22718674,1.0,1.0,60.29506
0.27336806,1.0,1.0,69.510284
0.53967005,1.0,1.0,93.81772
0.50109327,1.0,2.0,86.08161
0.5009239,2.0,1.0,86.08161
0.52132577,1.0,1.0,86.73382
0.38099033,3.0,2.0,81.277016
0.48311824,1.0,2.0,86.08161
0.19596846,3.0,2.0,59.832237
0.68061465,1.0,1.0,112.35582
0.16837525,2.0,2.0,59.832237
0.5000356,1.0,2.0,86.08161
0.50421363,3.0,1.0,86.73382
0.37344503,2.0,1.0,81.277016
0.6265607,2.0,1.0,99.58594
0.056287106,2.0,2.0,31.044224
0.19314545,1.0,2.0,59.832237
0.35339433,3.0,1.0,81.277016
0.11122931,2.0,2.0,49.859726
0.6836098,3.0,2.0,114.870514
0.6821936,2.0,1.0,114.870514
0.69879013,3.0,2.0,131.19688
0.12463663,1.0,1.0,57.957638
0.30050385,3.0,2.0,69.510284
0.68007237,3.0,2.0,112.35582
0.69652843,1.0,2.0,131.19688
0.56516415,3.0,2.0,93.81772
0.64419526,3.0,1.0,105.42543
0.123462945,3.0,2.0,57.957638
0.05795724,1.0,2.0,33.83368
0.25364307,2.0,2.0,69.510284
0.6087318,2.0,1.0,99.03558
0.64095396,1.0,2.0,105.42543
0.4258444,3.0,1.0,84.10234
0.10616079,2.0,2.0,49.859726
0.0503892,1.0,2.0,14.952889
0.072848976,3.0,1.0,47.274284
0.06312855,1.0,1.0,34.945984
0.5015262,1.0,1.0,86.08161
0.05930456,1.0,1.0,33.83368
0.43264297,3.0,2.0,84.10234
0.1121501,1.0,2.0,49.859726
0.1470373,1.0,1.0,58.45474
0.66800743,3.0,1.0,106.96099
0.42217305,3.0,1.0,84.10234
0.05877608,2.0,1.0,33.83368
0.62433875,1.0,2.0,99.58594
0.36281368,3.0,2.0,81.277016
0.052853096,1.0,1.0,31.044224
0.26955628,1.0,1.0,69.510284
0.3355697,2.0,2.0,70.28846
0.6217887,1.0,2.0,99.58594
0.6731344,3.0,1.0,106.96099
0.050996922,1.0,2.0,20.867117
0.3342745,3.0,1.0,70.28846
0.14675955,1.0,1.0,58.45474
0.22903007,1.0,2.0,60.29506
0.19826859,1.0,1.0,59.832237
0.34120604,1.0,1.0,70.28846
0.45157862,1.0,2.0,84.10234
0.6493936,2.0,1.0,106.96099
0.09474689,2.0,2.0,49.859726
0.17194061,1.0,2.0,59.832237
0.23074292,1.0,2.0,60.29506
0.62294686,3.0,1.0,99.58594
0.6089795,2.0,2.0,99.03558
0.050504237,2.0,1.0,18.941097
0.5853786,1.0,1.0,96.717384
0.56876606,1.0,1.0,96.717384
0.09842235,3.0,2.0,49.859726
0.4779054,1.0,1.0,86.08161
0.08478819,1.0,1.0,48.578396
0.096522905,1.0,1.0,49.859726
0.51490414,1.0,1.0,86.73382
0.5648207,1.0,1.0,93.81772
0.094147794,1.0,2.0,49.859726
0.5947153,3.0,2.0,96.717384
0.65545267,3.0,1.0,106.96099
0.39888024,3.0,2.0,81.277016
0.18175405,1.0,1.0,59.832237
0.13756444,3.0,1.0,57.957638
0.22032222,1.0,2.0,59.832237
0.25531882,2.0,1.0,69.510284
0.26999584,1.0,2.0,69.510284
0.54826695,3.0,1.0,93.81772
0.11542457,1.0,2.0,49.859726
0.44854525,1.0,1.0,84.10234
0.05004648,3.0,2.0,13.531126
0.06719921,1.0,2.0,40.863388
0.078094244,1.0,2.0,47.274284
0.118676625,3.0,1.0,54.814487
0.30301857,3.0,2.0,69.510284
0.47417477,3.0,1.0,86.08161
0.19843349,1.0,1.0,59.832237
0.050757695,3.0,1.0,18.941097
0.15616797,1.0,2.0,58.45474
0.6757978,3.0,2.0,106.96099
0.64102817,2.0,2.0,105.42543
0.2491418,3.0,1.0,69.510284
0.14798893,1.0,1.0,58.45474
0.05826804,3.0,2.0,33.83368
0.63055295,1.0,1.0,101.38465
