Volume Fraction,Fiber Shape,Fiber Length,Composite Young's Modulus
0.16386852,3.0,1.0,6.0092297
0.6052413,1.0,2.0,16.989372
0.2900182,1.0,1.0,7.710771
0.66815,2.0,2.0,20.72974
0.059474844,1.0,2.0,4.1131854
0.050979163,2.0,2.0,3.925188
0.6907978,1.0,1.0,23.265999
0.060541216,3.0,2.0,4.1994414
0.6871972,2.0,1.0,22.679296
0.64456797,3.0,2.0,18.54923
0.622717,1.0,1.0,18.475292
0.2804179,3.0,2.0,7.710771
0.6957007,3.0,2.0,24.232834
0.6613224,1.0,1.0,19.961432
0.6746408,1.0,1.0,21.887266
0.2798835,2.0,1.0,7.710771
0.54359514,1.0,2.0,14.808319
0.22042015,2.0,1.0,7.0677524
0.63013875,2.0,2.0,18.54923
0.34650064,1.0,1.0,9.754834
0.4685702,1.0,1.0,12.140833
0.061379053,1.0,1.0,4.1994414
0.07939068,3.0,1.0,4.638551
0.080897026,2.0,2.0,4.638551
0.21153675,3.0,1.0,7.0677524
0.08113364,1.0,1.0,4.817406
0.23016378,1.0,1.0,7.0677524
0.058350813,1.0,1.0,4.0932264
0.11439185,1.0,1.0,5.094749
0.69406736,1.0,2.0,23.896753
0.44391638,3.0,1.0,11.252093
0.6182944,1.0,2.0,18.173182
0.20844202,3.0,1.0,6.885288
0.18445386,3.0,2.0,6.5503335
0.32834217,1.0,1.0,9.255707
0.31279886,1.0,1.0,7.710771
0.6641695,3.0,2.0,20.710554
0.06777407,2.0,1.0,4.336497
0.68678856,3.0,1.0,22.679296
0.06513309,1.0,1.0,4.3087044
0.6850213,1.0,2.0,22.679296
0.45038477,2.0,1.0,11.252093
0.13525029,1.0,1.0,5.574075
0.40619084,2.0,2.0,10.97523
0.050379507,1.0,1.0,3.9082315
0.07341645,2.0,2.0,4.4781346
0.3581871,2.0,2.0,9.913038
0.09146776,3.0,2.0,4.8790045
0.0947265,1.0,1.0,4.970622
0.07253932,1.0,2.0,4.4781346
0.51370376,3.0,2.0,13.22331
0.11866167,1.0,2.0,5.1021028
0.6845355,1.0,2.0,22.679296
0.056889944,3.0,2.0,4.072313
0.5900272,1.0,2.0,16.314945
0.14608632,2.0,2.0,6.0092297
0.69415504,3.0,2.0,23.896753
0.6640872,1.0,2.0,20.710554
0.33060062,1.0,2.0,9.255707
0.6551883,1.0,1.0,19.094099
0.6951482,2.0,2.0,23.896753
0.056816332,3.0,1.0,4.072313
0.15755749,2.0,1.0,6.0092297
0.060799517,2.0,2.0,4.1994414
0.6355748,1.0,1.0,18.54923
0.38295707,1.0,2.0,10.391014
0.68228966,1.0,2.0,22.030424
0.057016373,1.0,2.0,4.072313
0.46644515,1.0,2.0,12.140833
0.16315176,1.0,1.0,6.0092297
0.55635357,2.0,1.0,14.808319
0.29768836,1.0,1.0,7.710771
0.6840954,3.0,2.0,22.679296
0.50536686,1.0,1.0,13.22331
0.582,1.0,1.0,16.314945
0.21399331,1.0,2.0,7.0677524
0.11301501,1.0,1.0,5.094749
0.092009306,3.0,2.0,4.970622
0.087381355,1.0,1.0,4.817406
0.06915201,2.0,1.0,4.406856
0.17142378,1.0,1.0,6.0092297
0.15719967,1.0,2.0,6.0092297
0.39169806,1.0,2.0,10.391014
0.64462113,1.0,1.0,18.54923
0.6636143,3.0,2.0,20.710554
0.6643212,1.0,2.0,20.710554
0.64365077,1.0,1.0,18.54923
0.0617601,1.0,2.0,4.1994414
0.05045623,1.0,2.0,3.9082315
0.6800495,1.0,1.0,22.030424
0.4462211,1.0,2.0,11.252093
0.5398163,1.0,2.0,14.808319
0.47920018,1.0,1.0,12.398045
0.10345942,2.0,1.0,5.094749
0.0548359,3.0,1.0,4.022659
0.18060994,1.0,1.0,6.5503335
0.053212002,1.0,1.0,3.9636402
0.5672609,3.0,2.0,16.314945
0.64452666,2.0,1.0,18.54923
0.072812796,1.0,2.0,4.4781346
0.27771056,1.0,1.0,7.710771
0.46632117,2.0,2.0,12.140833
0.34965897,2.0,2.0,9.754834
0.07262306,1.0,1.0,4.4781346
0.060974587,1.0,1.0,4.1994414
0.1521857,2.0,1.0,6.0092297
0.35203856,3.0,1.0,9.754834
0.69149303,1.0,1.0,23.265999
0.63741463,3.0,2.0,18.54923
0.3319014,3.0,1.0,9.255707
0.5168382,1.0,2.0,13.22331
0.5941674,1.0,1.0,16.314945
0.4430805,1.0,1.0,11.252093
0.08753468,1.0,1.0,4.817406
0.15576349,3.0,2.0,6.0092297
0.5111949,1.0,2.0,13.22331
0.17015645,2.0,1.0,6.0092297
0.08240953,1.0,1.0,4.817406
0.10480356,1.0,2.0,5.094749
0.23517738,1.0,2.0,7.125892
0.6446468,1.0,1.0,18.54923
0.69954115,1.0,1.0,24.718191
0.50999516,1.0,1.0,13.22331
0.06858987,1.0,1.0,4.336497
0.67916596,3.0,2.0,22.030424
0.077047884,1.0,1.0,4.4781346
0.06553524,3.0,1.0,4.336497
0.05220797,1.0,2.0,3.9636402
0.107302554,3.0,1.0,5.094749
0.66867566,2.0,2.0,20.72974
0.6274007,1.0,2.0,18.475292
0.13005924,1.0,1.0,5.1168685
0.30731174,1.0,1.0,7.710771
0.30356938,1.0,1.0,7.710771
0.12482786,1.0,1.0,5.1168685
0.1406893,1.0,2.0,6.0092297
0.34714732,3.0,1.0,9.754834
0.36633682,2.0,2.0,9.913038
0.32892838,1.0,2.0,9.255707
0.094427325,3.0,1.0,4.970622
0.13228907,2.0,1.0,5.1190658
0.56749994,1.0,1.0,16.314945
0.69631463,2.0,2.0,24.232834
0.67434937,3.0,2.0,21.887266
0.051932562,1.0,1.0,3.930908
0.10864705,1.0,1.0,5.094749
0.5326665,1.0,2.0,14.786954
0.09122974,1.0,2.0,4.817406
0.61490744,1.0,2.0,16.989372
0.10173446,1.0,1.0,5.094749
0.6484558,1.0,2.0,18.54923
0.63970375,3.0,2.0,18.54923
0.24385011,2.0,1.0,7.452232
0.083955795,1.0,1.0,4.817406
0.5788794,3.0,2.0,16.314945
0.43828234,2.0,2.0,11.252093
0.21393988,2.0,2.0,7.0677524
0.5561336,2.0,1.0,14.808319
0.12342123,3.0,2.0,5.1168685
0.5641882,3.0,2.0,16.314945
0.3258758,3.0,2.0,9.255707
0.45777285,3.0,2.0,12.140833
0.62001216,2.0,2.0,18.475292
0.052207287,3.0,2.0,3.9636402
0.23369183,1.0,1.0,7.125892
0.67094886,2.0,2.0,20.72974
0.051967032,3.0,2.0,3.9323616
0.32035518,1.0,1.0,7.813258
0.51299626,3.0,1.0,13.22331
0.064192735,3.0,1.0,4.2536397
0.05489539,1.0,1.0,4.022659
0.45363185,3.0,2.0,12.140833
0.57509935,1.0,1.0,16.314945
0.67305756,3.0,2.0,21.887266
0.053458992,1.0,2.0,3.9636402
0.1646525,2.0,1.0,6.0092297
0.05022776,1.0,1.0,3.9029133
0.38051993,3.0,2.0,10.391014
0.48178577,1.0,1.0,12.618267
0.39940092,3.0,1.0,10.533475
0.0803747,1.0,1.0,4.638551
0.20100088,1.0,1.0,6.5503335
0.0956215,3.0,2.0,4.970622
0.6894987,1.0,2.0,22.884531
0.06614484,1.0,1.0,4.336497
0.07062145,3.0,2.0,4.4781346
0.2853048,1.0,1.0,7.710771
0.32813984,1.0,2.0,9.255707
0.111942336,3.0,2.0,5.094749
0.058298033,3.0,2.0,4.0932264
0.5165459,2.0,1.0,13.22331
0.06976647,1.0,1.0,4.406856
0.441609,2.0,2.0,11.252093
0.18295942,1.0,2.0,6.5503335
0.49778026,1.0,1.0,13.22331
0.63844347,1.0,1.0,18.54923
0.2588325,1.0,1.0,7.452232
0.13921969,1.0,1.0,6.0092297
0.6648984,1.0,1.0,20.710554
0.15822771,1.0,1.0,6.0092297
0.58017796,3.0,2.0,16.314945
0.29876736,1.0,2.0,7.710771
0.5846129,3.0,1.0,16.314945
0.061623048,1.0,1.0,4.1994414
0.059448503,2.0,1.0,4.1131854
0.09299519,3.0,1.0,4.970622
0.13981755,3.0,2.0,6.0092297
0.65812105,1.0,2.0,19.961432
0.69221,3.0,1.0,23.265999
0.65103096,2.0,2.0,18.54923
0.4587376,1.0,1.0,12.140833
0.6124979,1.0,1.0,16.989372
0.07574833,1.0,1.0,4.4781346
0.13100527,1.0,1.0,5.1168685
0.6601159,3.0,1.0,19.961432
0.6361803,1.0,2.0,18.54923
0.08664154,1.0,1.0,4.817406
0.35537606,3.0,1.0,9.754834
0.36735025,2.0,1.0,9.913038
0.56871724,2.0,1.0,16.314945
0.050239317,3.0,1.0,3.9082315
0.45534083,1.0,2.0,12.140833
0.050995294,3.0,1.0,3.925188
0.64488286,3.0,1.0,18.54923
0.5542312,1.0,1.0,14.808319
0.5120309,2.0,1.0,13.22331
0.67741525,3.0,2.0,21.887266
0.15564314,1.0,1.0,6.0092297
0.14570509,1.0,1.0,6.0092297
0.57483894,2.0,1.0,16.314945
0.30231544,3.0,2.0,7.710771
0.054220013,1.0,2.0,4.014086
0.17038311,1.0,1.0,6.0092297
0.08218669,3.0,2.0,4.817406
0.5206838,1.0,2.0,13.22331
0.18644582,1.0,1.0,6.5503335
0.08111461,3.0,2.0,4.817406
0.68827987,1.0,2.0,22.679296
0.2355624,1.0,1.0,7.125892
0.6731828,1.0,1.0,21.887266
0.65842634,3.0,2.0,19.961432
0.68847144,1.0,2.0,22.679296
0.08110158,3.0,2.0,4.817406
0.6220676,1.0,1.0,18.475292
0.081905134,1.0,2.0,4.817406
0.40935427,3.0,2.0,10.97523
0.058646914,3.0,1.0,4.0932264
0.20338818,1.0,2.0,6.5503335
0.15575635,1.0,1.0,6.0092297
0.6632318,1.0,1.0,19.961432
0.22809578,1.0,1.0,7.0677524
0.07702219,3.0,1.0,4.4781346
0.5599321,1.0,1.0,14.892968
0.091930985,1.0,1.0,4.8790045
0.34853542,1.0,1.0,9.754834
0.36943063,3.0,2.0,10.281878
0.32718363,3.0,2.0,9.255707
0.07844306,1.0,1.0,4.6235747
0.6674129,1.0,1.0,20.72974
0.070120595,2.0,2.0,4.4781346
0.06911781,3.0,1.0,4.406856
0.69392705,1.0,1.0,23.647161
0.10983037,1.0,1.0,5.094749
0.19249322,1.0,1.0,6.5503335
0.37181777,3.0,2.0,10.391014
0.5427507,1.0,2.0,14.808319
0.443251,1.0,2.0,11.252093
0.6800511,1.0,1.0,22.030424
0.66268104,1.0,1.0,19.961432
0.2938776,2.0,1.0,7.710771
0.35006946,3.0,2.0,9.754834
0.07984216,1.0,1.0,4.638551
0.69474846,1.0,2.0,23.896753
0.6393153,1.0,2.0,18.54923
0.15210144,2.0,2.0,6.0092297
0.6942646,1.0,2.0,23.896753
0.08090919,3.0,2.0,4.638551
0.23365791,1.0,2.0,7.125892
0.17173025,1.0,2.0,6.0092297
0.64939165,2.0,2.0,18.54923
0.13792595,1.0,1.0,6.0092297
0.6559148,1.0,1.0,19.094099
0.5161572,3.0,2.0,13.22331
0.114286885,1.0,1.0,5.094749
0.05228303,1.0,2.0,3.9636402
0.060787685,2.0,2.0,4.1994414
0.66814774,2.0,2.0,20.72974
0.06500803,1.0,1.0,4.3087044
0.114674784,1.0,1.0,5.094749
0.07040775,3.0,2.0,4.4781346
0.28078118,1.0,2.0,7.710771
0.50850946,1.0,1.0,13.22331
0.064737275,3.0,2.0,4.3087044
0.41344708,1.0,2.0,10.97523
0.43642774,2.0,2.0,11.252093
0.20527975,1.0,1.0,6.885288
0.5721029,1.0,2.0,16.314945
0.33805835,1.0,1.0,9.255707
0.18453948,3.0,1.0,6.5503335
0.6730916,1.0,2.0,21.887266
0.5526473,1.0,1.0,14.808319
0.0665173,1.0,1.0,4.336497
0.6865689,3.0,1.0,22.679296
0.11185747,1.0,1.0,5.094749
0.6972673,3.0,2.0,24.232834
0.6062051,2.0,1.0,16.989372
0.08917998,1.0,1.0,4.817406
0.6206903,1.0,1.0,18.475292
0.5580485,2.0,2.0,14.892968
0.08103404,1.0,1.0,4.638551
0.05291806,1.0,1.0,3.9636402
0.62262183,3.0,2.0,18.475292
0.6953541,1.0,2.0,23.896753
0.28408524,2.0,1.0,7.710771
0.14118274,3.0,2.0,6.0092297
0.0722625,1.0,1.0,4.4781346
0.44506067,3.0,2.0,11.252093
0.58734685,2.0,2.0,16.314945
0.68682057,1.0,2.0,22.679296
0.37223184,1.0,1.0,10.391014
0.37866625,1.0,2.0,10.391014
0.21125962,3.0,2.0,7.0677524
0.06730079,1.0,1.0,4.336497
0.24183002,1.0,2.0,7.452232
0.07742299,1.0,1.0,4.4781346
0.2012459,1.0,2.0,6.5503335
0.5459015,1.0,2.0,14.808319
0.19206429,3.0,2.0,6.5503335
0.09525754,2.0,2.0,4.970622
0.15645374,3.0,1.0,6.0092297
0.42931116,1.0,1.0,10.996293
0.55245835,1.0,1.0,14.808319
0.21796931,1.0,2.0,7.0677524
0.66016275,2.0,1.0,19.961432
0.67685187,2.0,1.0,21.887266
0.5643812,1.0,2.0,16.314945
0.63772374,3.0,1.0,18.54923
0.44009474,1.0,1.0,11.252093
0.64433604,1.0,2.0,18.54923
0.088399045,1.0,1.0,4.817406
0.33203465,1.0,1.0,9.255707
0.64075303,1.0,1.0,18.54923
0.68719167,1.0,2.0,22.679296
0.29817972,1.0,1.0,7.710771
0.058042616,1.0,1.0,4.072313
0.2514339,2.0,1.0,7.452232
0.3984093,1.0,1.0,10.391014
0.59910816,3.0,2.0,16.989372
0.66853505,2.0,2.0,20.72974
0.6315126,3.0,2.0,18.54923
0.30998677,1.0,1.0,7.710771
0.09927957,3.0,1.0,5.094749
0.09334749,3.0,2.0,4.970622
0.6043872,1.0,1.0,16.989372
0.050581533,1.0,2.0,3.9082315
0.3879809,1.0,2.0,10.391014
0.6677012,1.0,2.0,20.72974
0.05891414,1.0,1.0,4.0932264
0.111542165,3.0,1.0,5.094749
0.14921513,3.0,1.0,6.0092297
0.05269845,2.0,1.0,3.9636402
0.1104344,1.0,2.0,5.094749
0.3154479,1.0,1.0,7.710771
0.054477945,3.0,2.0,4.022659
0.6442704,1.0,1.0,18.54923
0.35727292,2.0,2.0,9.913038
0.33967572,1.0,1.0,9.255707
0.060994424,3.0,2.0,4.1994414
0.2224434,1.0,2.0,7.0677524
0.3989786,1.0,1.0,10.391014
0.078409635,2.0,1.0,4.6235747
0.1013234,3.0,1.0,5.094749
0.05166841,1.0,1.0,3.925188
0.47185618,3.0,2.0,12.398045
0.64312994,3.0,2.0,18.54923
0.5187861,2.0,1.0,13.22331
0.64579034,3.0,2.0,18.54923
0.3823766,2.0,1.0,10.391014
0.6951732,1.0,1.0,23.896753
0.4556148,1.0,2.0,12.140833
0.6719792,3.0,1.0,20.72974
0.65295714,1.0,2.0,18.54923
0.45001116,1.0,1.0,11.252093
0.2242488,1.0,1.0,7.0677524
0.07987416,3.0,1.0,4.638551
0.36013696,2.0,2.0,9.913038
0.39483333,1.0,1.0,10.391014
0.1719888,1.0,1.0,6.0092297
0.20247199,1.0,1.0,6.5503335
0.07739967,1.0,2.0,4.4781346
0.19376084,3.0,2.0,6.5503335
0.6608358,1.0,1.0,19.961432
0.44587484,1.0,1.0,11.252093
0.6177055,1.0,1.0,18.173182
0.063707545,1.0,2.0,4.2536397
0.114577696,1.0,1.0,5.094749
0.08330703,1.0,2.0,4.817406
0.60144216,1.0,1.0,16.989372
0.068541296,1.0,1.0,4.336497
0.19537307,1.0,2.0,6.5503335
0.6522509,3.0,2.0,18.54923
0.41700694,1.0,1.0,10.97523
0.6928578,2.0,2.0,23.647161
0.0588897,1.0,1.0,4.0932264
0.190702,1.0,2.0,6.5503335
0.16734752,1.0,1.0,6.0092297
0.17851843,1.0,1.0,6.5503335
0.061480086,1.0,1.0,4.1994414
0.28356346,2.0,1.0,7.710771
0.68694556,1.0,2.0,22.679296
0.52250654,1.0,1.0,13.22331
0.3323411,2.0,1.0,9.255707
0.59812635,2.0,2.0,16.989372
0.46843296,1.0,2.0,12.140833
0.12933621,2.0,1.0,5.1168685
0.06359531,3.0,1.0,4.2536397
0.12198449,2.0,2.0,5.1168685
0.63634723,3.0,1.0,18.54923
0.6104346,1.0,2.0,16.989372
0.13767283,3.0,2.0,6.0092297
0.47761416,1.0,1.0,12.398045
0.062529966,3.0,1.0,4.2536397
0.6483356,3.0,1.0,18.54923
0.05552309,1.0,1.0,4.022659
0.1544092,3.0,2.0,6.0092297
0.69154865,2.0,2.0,23.265999
0.42703283,1.0,1.0,10.97523
0.54843557,2.0,2.0,14.808319
0.3970546,3.0,2.0,10.391014
0.052469257,3.0,2.0,3.9636402
0.13518803,1.0,2.0,5.574075
0.05761087,3.0,1.0,4.072313
0.061076,1.0,2.0,4.1994414
0.6422436,3.0,1.0,18.54923
0.68057853,1.0,2.0,22.030424
0.14176019,1.0,1.0,6.0092297
0.6641443,2.0,2.0,20.710554
0.24020557,1.0,1.0,7.452232
0.065238975,1.0,1.0,4.3087044
0.61591154,3.0,2.0,18.173182
0.5701394,3.0,2.0,16.314945
0.080516726,3.0,2.0,4.638551
0.4310203,3.0,2.0,10.996293
0.25382447,1.0,1.0,7.452232
0.057728704,2.0,2.0,4.072313
0.29619265,1.0,1.0,7.710771
0.33230388,2.0,1.0,9.255707
0.37200865,3.0,1.0,10.391014
0.43322095,1.0,1.0,10.996293
0.11550742,3.0,2.0,5.1021028
0.2610321,3.0,1.0,7.452232
0.1166289,3.0,2.0,5.1021028
0.15632752,3.0,2.0,6.0092297
0.056242917,1.0,1.0,4.022659
0.11920487,1.0,2.0,5.1021028
0.68344945,3.0,2.0,22.679296
0.06854791,3.0,1.0,4.336497
0.19126093,2.0,1.0,6.5503335
0.0815433,1.0,2.0,4.817406
0.69907814,3.0,2.0,24.718191
0.27154905,3.0,1.0,7.710771
0.21592274,2.0,2.0,7.0677524
0.66007847,3.0,2.0,19.961432
0.25927278,1.0,1.0,7.452232
0.6808231,2.0,1.0,22.030424
0.3703914,2.0,1.0,10.281878
0.093708746,3.0,2.0,4.970622
0.32314813,1.0,2.0,9.255707
0.1155867,1.0,1.0,5.1021028
0.63440084,1.0,1.0,18.54923
0.16748998,1.0,1.0,6.0092297
0.09048634,1.0,1.0,4.817406
0.13571382,3.0,2.0,6.0092297
0.36463407,2.0,1.0,9.913038
0.10080095,3.0,1.0,5.094749
0.69070226,3.0,2.0,23.265999
0.15447754,2.0,2.0,6.0092297
0.34218377,3.0,2.0,9.754834
0.07602983,1.0,1.0,4.4781346
0.6739279,2.0,2.0,21.887266
0.16264807,1.0,1.0,6.0092297
0.64319706,1.0,2.0,18.54923
0.34158704,1.0,1.0,9.255707
0.6550786,3.0,1.0,19.094099
0.6207263,1.0,1.0,18.475292
0.6084533,2.0,1.0,16.989372
0.38064337,3.0,2.0,10.391014
0.62072194,2.0,1.0,18.475292
0.12057764,1.0,2.0,5.1021028
0.56269133,1.0,2.0,16.314945
0.6498075,1.0,1.0,18.54923
0.675695,3.0,2.0,21.887266
0.22705208,2.0,2.0,7.0677524
0.6239675,3.0,2.0,18.475292
0.5000347,2.0,1.0,13.22331
0.15160266,3.0,2.0,6.0092297
0.69327897,3.0,1.0,23.647161
0.5061229,3.0,2.0,13.22331
0.5170039,3.0,2.0,13.22331
0.07961539,3.0,2.0,4.638551
0.32092866,1.0,1.0,9.255707
0.08176698,1.0,1.0,4.817406
0.052986138,1.0,1.0,3.9636402
0.62027127,3.0,1.0,18.475292
0.6361694,1.0,1.0,18.54923
0.69726795,2.0,2.0,24.232834
0.084001005,3.0,2.0,4.817406
0.47160602,1.0,1.0,12.398045
0.1243451,1.0,2.0,5.1168685
0.66764224,1.0,1.0,20.72974
0.067961015,1.0,1.0,4.336497
0.5982803,2.0,1.0,16.989372
0.6941479,2.0,2.0,23.896753
0.5842873,1.0,1.0,16.314945
0.107575044,1.0,1.0,5.094749
0.0656358,1.0,1.0,4.336497
0.09913641,1.0,1.0,4.970622
0.050850604,1.0,2.0,3.9182947
0.19576123,1.0,1.0,6.5503335
0.053851392,3.0,1.0,4.000526
0.2147656,1.0,1.0,7.0677524
0.36912444,1.0,1.0,9.913038
0.49998873,3.0,2.0,13.22331
0.6980077,1.0,2.0,24.560688
0.6776441,1.0,2.0,21.887266
0.24505897,2.0,2.0,7.452232
0.5755427,1.0,2.0,16.314945
0.08272624,3.0,2.0,4.817406
0.09786186,1.0,2.0,4.970622
0.050317682,3.0,2.0,3.9082315
0.51914126,2.0,1.0,13.22331
0.5978889,3.0,1.0,16.989372
0.6353609,1.0,1.0,18.54923
0.18524192,3.0,1.0,6.5503335
0.62295794,2.0,2.0,18.475292
0.06374355,3.0,1.0,4.2536397
0.6318501,2.0,2.0,18.54923
0.5797635,3.0,2.0,16.314945
0.67467993,1.0,2.0,21.887266
0.3170782,3.0,2.0,7.813258
0.2827477,3.0,2.0,7.710771
0.21386667,2.0,1.0,7.0677524
0.18508941,1.0,1.0,6.5503335
0.58750945,3.0,2.0,16.314945
0.06160034,3.0,1.0,4.1994414
0.5726546,3.0,2.0,16.314945
0.23690654,1.0,1.0,7.452232
0.21692695,1.0,1.0,7.0677524
0.53126967,2.0,1.0,13.22331
0.051297422,1.0,1.0,3.925188
0.6113136,2.0,1.0,16.989372
0.07354437,3.0,2.0,4.4781346
0.3435982,1.0,1.0,9.754834
0.07698898,2.0,2.0,4.4781346
0.40782386,2.0,2.0,10.97523
0.27920535,1.0,2.0,7.710771
0.12665723,1.0,1.0,5.1168685
0.6008635,3.0,1.0,16.989372
0.34320807,1.0,2.0,9.754834
0.15229993,1.0,1.0,6.0092297
0.06292106,3.0,2.0,4.2536397
0.6880197,1.0,1.0,22.679296
0.6151035,1.0,1.0,16.989372
0.27132508,2.0,2.0,7.710771
0.1568971,1.0,1.0,6.0092297
0.68832266,1.0,1.0,22.679296
0.32691208,1.0,2.0,9.255707
0.59832424,3.0,2.0,16.989372
0.58797115,1.0,1.0,16.314945
0.26819634,2.0,1.0,7.710771
0.510157,3.0,1.0,13.22331
0.054943886,1.0,1.0,4.022659
0.6266812,3.0,1.0,18.475292
0.32910985,2.0,1.0,9.255707
0.61428607,2.0,2.0,16.989372
0.6003334,1.0,1.0,16.989372
0.5573995,3.0,2.0,14.892968
0.054736204,1.0,2.0,4.022659
0.05060747,3.0,1.0,3.9182947
0.27133146,1.0,1.0,7.710771
0.25631243,1.0,1.0,7.452232
0.42207316,3.0,1.0,10.97523
0.59997773,1.0,2.0,16.989372
0.67880666,2.0,2.0,22.030424
0.46864006,2.0,1.0,12.398045
0.1050658,2.0,1.0,5.094749
0.34770596,3.0,2.0,9.754834
0.15477416,1.0,2.0,6.0092297
0.15414791,3.0,1.0,6.0092297
0.6089909,1.0,2.0,16.989372
0.052501768,3.0,1.0,3.9636402
0.2513455,1.0,2.0,7.452232
0.087625094,3.0,1.0,4.817406
0.123598695,3.0,2.0,5.1168685
0.69637656,1.0,1.0,24.232834
0.66769445,3.0,2.0,20.72974
0.45291197,1.0,1.0,11.252093
0.5673963,2.0,2.0,16.314945
0.4398405,3.0,2.0,11.252093
0.23228972,1.0,1.0,7.125892
0.51732975,3.0,1.0,13.22331
0.2457972,3.0,1.0,7.452232
0.69442195,1.0,1.0,23.896753
0.10038994,2.0,2.0,5.094749
0.6798359,3.0,2.0,22.030424
0.05553995,1.0,1.0,4.022659
0.24158096,1.0,2.0,7.452232
0.06722454,2.0,2.0,4.336497
0.24377911,1.0,2.0,7.452232
0.06725124,2.0,2.0,4.336497
0.43446645,1.0,1.0,10.996293
0.5301592,1.0,1.0,13.22331
0.052592322,1.0,2.0,3.9636402
0.6921513,3.0,2.0,23.265999
0.682174,1.0,2.0,22.030424
0.09896794,1.0,1.0,4.970622
0.6813188,2.0,1.0,22.030424
0.2007721,3.0,2.0,6.5503335
0.0906783,1.0,1.0,4.817406
0.3205029,1.0,2.0,7.813258
0.6878824,1.0,1.0,22.679296
0.22137886,2.0,2.0,7.0677524
0.0674156,2.0,1.0,4.336497
0.114941545,3.0,1.0,5.094749
0.33781123,1.0,1.0,9.255707
0.06538602,3.0,2.0,4.336497
0.17299941,2.0,2.0,6.5503335
0.052180663,1.0,1.0,3.9323616
0.33416092,1.0,2.0,9.255707
0.11267055,3.0,2.0,5.094749
0.59466404,2.0,1.0,16.314945
0.68930817,1.0,1.0,22.679296
0.606486,1.0,1.0,16.989372
0.09491876,1.0,1.0,4.970622
0.065538265,1.0,2.0,4.336497
0.25747195,1.0,1.0,7.452232
0.62558687,2.0,2.0,18.475292
0.6346782,3.0,1.0,18.54923
0.11746542,1.0,1.0,5.1021028
0.6857959,1.0,2.0,22.679296
0.0747256,3.0,1.0,4.4781346
0.37002698,1.0,1.0,10.281878
0.6972839,2.0,2.0,24.232834
0.3222995,2.0,2.0,9.255707
0.5682809,3.0,1.0,16.314945
0.15906332,1.0,1.0,6.0092297
0.57914114,3.0,2.0,16.314945
0.6438222,3.0,2.0,18.54923
0.5487543,2.0,2.0,14.808319
0.20611598,1.0,1.0,6.885288
0.487074,1.0,1.0,12.618267
0.0879734,1.0,1.0,4.817406
0.5372183,3.0,2.0,14.808319
0.05093632,1.0,1.0,3.9182947
0.05552994,1.0,2.0,4.022659
0.6543294,2.0,1.0,19.094099
0.42653468,1.0,2.0,10.97523
0.21728402,3.0,2.0,7.0677524
0.13447395,1.0,2.0,5.574075
0.10844585,3.0,2.0,5.094749
0.29640326,1.0,2.0,7.710771
0.69047254,3.0,2.0,23.265999
0.6839343,2.0,1.0,22.679296
0.66315293,3.0,2.0,19.961432
0.3941459,1.0,1.0,10.391014
0.45925874,1.0,2.0,12.140833
0.062295232,3.0,1.0,4.2536397
0.6432441,1.0,1.0,18.54923
0.609646,1.0,1.0,16.989372
0.6805235,1.0,1.0,22.030424
0.61459,1.0,1.0,16.989372
0.52780324,1.0,1.0,13.22331
0.0654075,1.0,1.0,4.336497
0.057679947,1.0,1.0,4.072313
0.61786383,1.0,2.0,18.173182
0.39213753,1.0,2.0,10.391014
0.053045478,2.0,1.0,3.9636402
0.6012834,1.0,2.0,16.989372
0.5395536,3.0,2.0,14.808319
0.061064105,2.0,1.0,4.1994414
0.20470732,3.0,2.0,6.885288
0.6151616,1.0,1.0,16.989372
0.61344427,3.0,1.0,16.989372
0.1795653,1.0,2.0,6.5503335
0.6893563,2.0,2.0,22.884531
0.45842934,1.0,2.0,12.140833
0.22391215,1.0,1.0,7.0677524
0.6953247,1.0,2.0,23.896753
0.46790025,1.0,1.0,12.140833
0.54807216,2.0,2.0,14.808319
0.35941458,1.0,1.0,9.913038
0.6060346,1.0,1.0,16.989372
0.12301595,3.0,2.0,5.1168685
0.571973,1.0,2.0,16.314945
0.6473676,1.0,2.0,18.54923
0.108102724,1.0,2.0,5.094749
0.47758588,3.0,2.0,12.398045
0.116005324,2.0,2.0,5.1021028
0.08180662,2.0,2.0,4.817406
0.09265267,1.0,1.0,4.970622
0.6096852,3.0,1.0,16.989372
0.6870892,1.0,1.0,22.679296
0.37930143,1.0,2.0,10.391014
0.64741564,1.0,1.0,18.54923
0.61142224,3.0,1.0,16.989372
0.2819997,1.0,1.0,7.710771
0.68973684,2.0,1.0,22.884531
0.6183386,1.0,2.0,18.173182
0.47137797,2.0,2.0,12.398045
0.49117804,2.0,1.0,13.02823
0.5773127,1.0,1.0,16.314945
0.054064445,1.0,1.0,4.014086
0.17335057,3.0,2.0,6.5503335
0.66731083,1.0,2.0,20.72974
0.2841585,2.0,2.0,7.710771
0.12100927,1.0,1.0,5.1168685
0.6592363,1.0,1.0,19.961432
0.05988256,3.0,1.0,4.1994414
0.30454057,3.0,1.0,7.710771
0.05427996,3.0,2.0,4.022659
0.4575766,1.0,2.0,12.140833
0.5479823,2.0,1.0,14.808319
0.20535032,1.0,2.0,6.885288
0.24621746,1.0,2.0,7.452232
0.45037422,1.0,2.0,11.252093
0.27204368,3.0,2.0,7.710771
0.6602806,1.0,1.0,19.961432
0.09007953,3.0,2.0,4.817406
0.17731802,2.0,2.0,6.5503335
0.69349474,1.0,1.0,23.647161
0.06307464,3.0,2.0,4.2536397
0.6796441,1.0,1.0,22.030424
0.5745111,2.0,2.0,16.314945
0.5619853,3.0,2.0,16.314945
0.10807541,1.0,1.0,5.094749
0.050389975,1.0,1.0,3.9082315
0.13897167,1.0,1.0,6.0092297
0.10837966,1.0,1.0,5.094749
0.05513576,1.0,2.0,4.022659
0.23796053,1.0,1.0,7.452232
0.6378804,3.0,2.0,18.54923
0.5330209,1.0,2.0,14.786954
0.059192244,3.0,2.0,4.1131854
0.49335012,1.0,1.0,13.02823
0.1011981,1.0,1.0,5.094749
0.2947086,1.0,1.0,7.710771
0.23113906,1.0,2.0,7.125892
0.050797183,1.0,2.0,3.9182947
0.050319903,1.0,1.0,3.9082315
0.3846384,1.0,1.0,10.391014
0.0846174,1.0,2.0,4.817406
0.17662852,3.0,2.0,6.5503335
0.61916965,3.0,1.0,18.475292
0.5863689,2.0,2.0,16.314945
0.6457907,1.0,2.0,18.54923
0.6667985,2.0,2.0,20.72974
0.066377215,3.0,1.0,4.336497
0.26092815,1.0,1.0,7.452232
0.19997182,2.0,2.0,6.5503335
0.5916274,1.0,1.0,16.314945
0.050207615,2.0,1.0,3.9029133
0.24749134,3.0,1.0,7.452232
0.38790673,3.0,1.0,10.391014
0.2761955,3.0,2.0,7.710771
0.30551922,3.0,2.0,7.710771
0.53951573,3.0,2.0,14.808319
0.3932419,2.0,1.0,10.391014
0.65172935,1.0,1.0,18.54923
0.089149565,2.0,2.0,4.817406
0.16071615,3.0,2.0,6.0092297
0.28574798,3.0,1.0,7.710771
0.17849942,1.0,1.0,6.5503335
0.07402979,3.0,2.0,4.4781346
0.5690157,1.0,2.0,16.314945
0.40495777,3.0,1.0,10.97523
0.059751067,2.0,1.0,4.1243057
0.38318214,1.0,1.0,10.391014
0.054326855,3.0,2.0,4.022659
0.32155126,3.0,2.0,9.255707
0.6788877,2.0,2.0,22.030424
0.62874603,1.0,2.0,18.475292
0.6971277,1.0,2.0,24.232834
0.36605933,1.0,2.0,9.913038
0.47553208,3.0,2.0,12.398045
0.4437425,1.0,2.0,11.252093
0.096831344,1.0,1.0,4.970622
0.077886745,1.0,1.0,4.4781346
0.28727382,1.0,1.0,7.710771
0.6560327,1.0,2.0,19.094099
0.18782997,3.0,2.0,6.5503335
0.5479155,3.0,2.0,14.808319
0.48951927,3.0,2.0,13.02823
0.051164232,1.0,1.0,3.925188
0.28232825,1.0,1.0,7.710771
0.2162115,1.0,1.0,7.0677524
0.27974284,3.0,1.0,7.710771
0.4919892,3.0,2.0,13.02823
0.1384438,3.0,1.0,6.0092297
0.20071457,1.0,1.0,6.5503335
0.65878665,1.0,2.0,19.961432
0.06736519,3.0,2.0,4.336497
0.051730115,1.0,2.0,3.925188
0.26389068,3.0,1.0,7.710771
0.1402086,3.0,2.0,6.0092297
0.28920293,3.0,1.0,7.710771
0.51628333,3.0,1.0,13.22331
0.36843854,3.0,2.0,9.913038
0.09265422,2.0,2.0,4.970622
0.05634063,3.0,2.0,4.072313
0.6383038,1.0,1.0,18.54923
0.40259928,1.0,2.0,10.533475
0.56562895,3.0,2.0,16.314945
0.46784136,1.0,2.0,12.140833
0.330926,1.0,1.0,9.255707
0.69560117,3.0,2.0,24.232834
0.6581774,2.0,2.0,19.961432
0.6828109,1.0,2.0,22.030424
0.27867368,1.0,1.0,7.710771
0.19058266,1.0,1.0,6.5503335
0.5115985,3.0,2.0,13.22331
0.4602476,1.0,1.0,12.140833
0.052972585,1.0,1.0,3.9636402
0.53216755,1.0,2.0,13.22331
0.66754246,3.0,2.0,20.72974
0.6502683,1.0,1.0,18.54923
0.4399683,2.0,1.0,11.252093
0.051915772,1.0,1.0,3.925188
0.58069944,1.0,2.0,16.314945
0.52933574,2.0,1.0,13.22331
0.07213285,1.0,2.0,4.4781346
0.40016624,1.0,1.0,10.533475
0.63665205,1.0,1.0,18.54923
0.28591618,1.0,1.0,7.710771
0.6223987,3.0,2.0,18.475292
0.29418272,1.0,1.0,7.710771
0.050495785,1.0,1.0,3.9082315
0.18034253,1.0,1.0,6.5503335
0.11278296,1.0,1.0,5.094749
0.69872737,3.0,1.0,24.631313
0.23945175,3.0,2.0,7.452232
0.6887699,2.0,1.0,22.679296
0.30398294,1.0,1.0,7.710771
0.50502837,3.0,1.0,13.22331
0.14719534,1.0,2.0,6.0092297
0.07626572,1.0,1.0,4.4781346
0.37273112,1.0,1.0,10.391014
0.53388625,1.0,1.0,14.786954
0.6278986,3.0,1.0,18.475292
0.20535278,3.0,2.0,6.885288
0.5076522,1.0,1.0,13.22331
0.16061752,1.0,2.0,6.0092297
0.10657863,3.0,2.0,5.094749
0.69969916,1.0,2.0,24.77399
0.6660596,1.0,1.0,20.710554
0.68176323,2.0,2.0,22.030424
0.06412645,1.0,1.0,4.2536397
0.6928702,3.0,1.0,23.647161
0.28228885,2.0,1.0,7.710771
0.23706293,3.0,1.0,7.452232
0.65538806,1.0,1.0,19.094099
0.056582436,1.0,2.0,4.072313
0.31366163,1.0,1.0,7.710771
0.07910827,1.0,2.0,4.6235747
0.06288634,1.0,2.0,4.2536397
0.18712603,3.0,2.0,6.5503335
0.11324431,2.0,2.0,5.094749
0.21379627,3.0,1.0,7.0677524
0.18850857,1.0,1.0,6.5503335
0.41681242,1.0,2.0,10.97523
0.22620998,1.0,1.0,7.0677524
0.69025916,3.0,2.0,23.265999
0.0626723,1.0,1.0,4.2536397
0.055084687,2.0,1.0,4.022659
0.060900684,3.0,2.0,4.1994414
0.48229584,2.0,2.0,12.618267
0.465765,1.0,2.0,12.140833
0.45257536,2.0,1.0,11.252093
0.16281077,1.0,1.0,6.0092297
0.66586024,3.0,1.0,20.710554
0.23933831,2.0,2.0,7.452232
0.066240564,1.0,1.0,4.336497
0.29785335,1.0,2.0,7.710771
0.54957885,1.0,1.0,14.808319
0.53214747,1.0,1.0,13.22331
0.1245411,1.0,1.0,5.1168685
0.3120012,2.0,2.0,7.710771
0.051615827,2.0,2.0,3.925188
0.6459212,2.0,2.0,18.54923
0.26629525,3.0,2.0,7.710771
0.4560552,3.0,2.0,12.140833
0.5079341,2.0,1.0,13.22331
0.21588865,2.0,2.0,7.0677524
0.074701235,1.0,2.0,4.4781346
0.561444,1.0,1.0,14.892968
0.6906561,3.0,2.0,23.265999
0.08685637,3.0,2.0,4.817406
0.57564527,2.0,1.0,16.314945
0.105172515,2.0,1.0,5.094749
0.0975262,1.0,1.0,4.970622
0.059764516,3.0,1.0,4.1994414
0.32794058,3.0,1.0,9.255707
0.6151982,1.0,1.0,16.989372
0.0951633,1.0,1.0,4.970622
0.6944142,2.0,2.0,23.896753
0.32302037,2.0,2.0,9.255707
0.14690255,1.0,2.0,6.0092297
0.58652186,2.0,2.0,16.314945
0.59414965,2.0,1.0,16.314945
0.6430671,1.0,2.0,18.54923
0.426103,1.0,1.0,10.97523
0.28741786,1.0,1.0,7.710771
0.09945542,2.0,2.0,5.094749
0.46420044,2.0,2.0,12.140833
0.69089466,1.0,2.0,23.265999
0.44404918,1.0,1.0,11.252093
0.41878226,1.0,1.0,10.97523
0.6974783,2.0,2.0,24.538914
0.60681486,3.0,1.0,16.989372
0.061494913,3.0,2.0,4.1994414
0.38852763,3.0,1.0,10.391014
0.5436504,2.0,2.0,14.808319
0.34317625,1.0,2.0,9.754834
0.5077266,2.0,1.0,13.22331
0.18440528,1.0,2.0,6.5503335
0.44807237,2.0,2.0,11.252093
0.4130322,1.0,1.0,10.97523
0.07443779,1.0,2.0,4.4781346
0.44475892,3.0,1.0,11.252093
0.68799293,1.0,1.0,22.679296
0.696796,3.0,2.0,24.232834
0.5103246,3.0,2.0,13.22331
0.684888,1.0,2.0,22.679296
0.25426003,3.0,1.0,7.452232
0.062414072,3.0,2.0,4.2536397
0.055687718,1.0,1.0,4.022659
0.52279866,2.0,1.0,13.22331
0.5615692,1.0,1.0,14.892968
0.4561171,3.0,2.0,12.140833
0.095531225,1.0,1.0,4.970622
0.08862406,3.0,2.0,4.817406
0.6413569,2.0,1.0,18.54923
0.4192735,1.0,1.0,10.97523
0.052054353,1.0,1.0,3.9323616
0.49332225,1.0,2.0,13.02823
0.19995934,1.0,1.0,6.5503335
0.15422381,2.0,2.0,6.0092297
0.07834916,3.0,2.0,4.6235747
0.55650926,2.0,2.0,14.892968
0.21775956,2.0,1.0,7.0677524
0.24273482,1.0,1.0,7.452232
0.6946135,1.0,1.0,23.896753
0.5610951,1.0,1.0,14.892968
0.4888829,1.0,1.0,12.618267
0.18461677,1.0,1.0,6.5503335
0.5763029,1.0,1.0,16.314945
0.6511121,1.0,1.0,18.54923
0.40837112,3.0,1.0,10.97523
0.57066476,3.0,1.0,16.314945
0.17396858,3.0,1.0,6.5503335
0.68798196,3.0,2.0,22.679296
0.1564879,1.0,1.0,6.0092297
0.35747927,3.0,2.0,9.913038
0.057773717,3.0,1.0,4.072313
0.1034599,1.0,2.0,5.094749
0.66546327,1.0,2.0,20.710554
0.25636357,2.0,2.0,7.452232
0.076546654,1.0,1.0,4.4781346
0.1556981,1.0,1.0,6.0092297
0.6274961,2.0,2.0,18.475292
0.41038793,1.0,2.0,10.97523
0.12091132,2.0,2.0,5.1168685
0.10288664,1.0,1.0,5.094749
0.68864024,3.0,1.0,22.679296
0.392969,2.0,1.0,10.391014
0.06395759,1.0,2.0,4.2536397
0.07407249,2.0,2.0,4.4781346
0.12388726,1.0,1.0,5.1168685
0.066095576,1.0,1.0,4.336497
0.27781382,3.0,2.0,7.710771
0.34094733,1.0,1.0,9.255707
0.16843896,3.0,1.0,6.0092297
0.11175638,1.0,2.0,5.094749
0.6993496,1.0,1.0,24.718191
0.6723661,1.0,2.0,21.887266
0.44651628,1.0,2.0,11.252093
0.32685044,1.0,2.0,9.255707
0.6288426,1.0,1.0,18.475292
0.4583718,2.0,1.0,12.140833
0.13199566,1.0,1.0,5.1168685
0.20022349,1.0,2.0,6.5503335
0.69919276,1.0,1.0,24.718191
0.17057392,1.0,2.0,6.0092297
0.061036695,3.0,1.0,4.1994414
0.6510891,1.0,1.0,18.54923
0.07364178,1.0,1.0,4.4781346
0.35715795,1.0,1.0,9.754834
0.050987523,3.0,1.0,3.925188
0.43773118,3.0,1.0,11.252093
0.64287275,3.0,2.0,18.54923
0.073736355,1.0,2.0,4.4781346
0.071742736,1.0,1.0,4.4781346
0.08721228,2.0,1.0,4.817406
0.37977237,1.0,2.0,10.391014
0.37454453,3.0,1.0,10.391014
0.058948055,1.0,2.0,4.0932264
0.6971579,1.0,1.0,24.232834
0.43926996,2.0,2.0,11.252093
0.6976391,2.0,2.0,24.560688
0.08849837,3.0,1.0,4.817406
0.5646918,1.0,2.0,16.314945
0.120724104,1.0,1.0,5.1021028
0.69396263,1.0,1.0,23.647161
0.2570788,1.0,1.0,7.452232
0.07564771,3.0,2.0,4.4781346
0.6030758,1.0,1.0,16.989372
0.6717537,1.0,1.0,20.72974
0.36049488,1.0,2.0,9.913038
0.5387036,3.0,2.0,14.808319
0.60337275,3.0,2.0,16.989372
0.59786195,1.0,1.0,16.314945
0.29755905,1.0,1.0,7.710771
0.32091403,3.0,2.0,9.255707
0.2776525,1.0,1.0,7.710771
0.19565369,2.0,1.0,6.5503335
0.67269105,3.0,2.0,21.887266
0.050123964,1.0,2.0,3.9021578
0.67880994,1.0,1.0,22.030424
0.42792943,1.0,2.0,10.97523
0.6549832,3.0,2.0,19.094099
0.07775672,2.0,1.0,4.4781346
0.67053014,1.0,1.0,20.72974
0.11660723,1.0,2.0,5.1021028
0.08232717,3.0,2.0,4.817406
0.12420076,3.0,1.0,5.1168685
0.6695694,1.0,1.0,20.72974
0.6977259,1.0,2.0,24.560688
0.096322484,1.0,1.0,4.970622
0.053983063,3.0,2.0,4.014086
0.26308578,1.0,1.0,7.452232
0.61930656,3.0,2.0,18.475292
0.118297026,3.0,2.0,5.1021028
0.13849741,3.0,1.0,6.0092297
0.05236124,1.0,1.0,3.9636402
0.6052338,3.0,2.0,16.989372
0.39310274,1.0,1.0,10.391014
0.05162853,3.0,1.0,3.925188
0.1101542,2.0,1.0,5.094749
0.4935255,3.0,2.0,13.02823
0.06977139,3.0,2.0,4.406856
0.08103641,1.0,1.0,4.638551
0.050285164,3.0,2.0,3.9082315
0.6354459,1.0,1.0,18.54923
0.058591932,3.0,1.0,4.0932264
0.46302196,1.0,1.0,12.140833
0.073320836,1.0,2.0,4.4781346
0.57245505,1.0,1.0,16.314945
0.5444066,1.0,1.0,14.808319
0.31612897,1.0,2.0,7.710771
0.097690195,2.0,2.0,4.970622
0.11209868,3.0,2.0,5.094749
0.06854189,2.0,2.0,4.336497
0.16714358,1.0,2.0,6.0092297
0.1805107,3.0,1.0,6.5503335
0.59825736,1.0,1.0,16.989372
0.41501787,1.0,1.0,10.97523
0.42106766,3.0,2.0,10.97523
0.5746262,1.0,1.0,16.314945
0.15325923,2.0,1.0,6.0092297
0.055642374,2.0,1.0,4.022659
0.51107043,1.0,2.0,13.22331
0.638358,2.0,2.0,18.54923
0.651189,2.0,2.0,18.54923
0.40885133,1.0,1.0,10.97523
0.6022649,3.0,1.0,16.989372
0.09489933,1.0,1.0,4.970622
0.6682605,3.0,1.0,20.72974
0.1372112,3.0,2.0,6.0092297
0.059348203,1.0,2.0,4.1131854
0.5450766,3.0,2.0,14.808319
0.6768008,1.0,1.0,21.887266
0.1535501,1.0,2.0,6.0092297
0.06871397,1.0,1.0,4.406856
0.31344432,1.0,2.0,7.710771
0.052911445,2.0,2.0,3.9636402
0.2159666,3.0,1.0,7.0677524
0.37215924,1.0,2.0,10.391014
0.5482295,1.0,1.0,14.808319
0.49407074,3.0,2.0,13.22331
0.051782116,1.0,1.0,3.925188
0.05375132,1.0,1.0,3.9636402
0.46675697,1.0,1.0,12.140833
0.57191306,3.0,2.0,16.314945
0.63864565,1.0,1.0,18.54923
0.050174214,1.0,1.0,3.9021578
0.051244166,3.0,1.0,3.925188
0.17951636,3.0,2.0,6.5503335
0.3349032,3.0,1.0,9.255707
0.26415136,3.0,1.0,7.710771
0.068708725,3.0,2.0,4.406856
0.17274314,3.0,2.0,6.5503335
0.1294657,1.0,1.0,5.1168685
0.3073882,1.0,1.0,7.710771
0.3328113,3.0,2.0,9.255707
0.4626245,2.0,1.0,12.140833
0.4036089,1.0,1.0,10.533475
0.699047,1.0,2.0,24.631313
0.05374604,1.0,2.0,3.9636402
0.059630137,1.0,1.0,4.1131854
0.24400735,3.0,2.0,7.452232
0.6913861,3.0,2.0,23.265999
0.38679808,1.0,1.0,10.391014
0.077233665,1.0,1.0,4.4781346
0.66053295,3.0,1.0,19.961432
0.3863033,3.0,1.0,10.391014
0.05708665,1.0,1.0,4.072313
0.66541785,2.0,2.0,20.710554
0.41135556,1.0,2.0,10.97523
0.17945227,1.0,2.0,6.5503335
0.5721557,1.0,2.0,16.314945
0.4963448,3.0,2.0,13.22331
0.5160938,2.0,1.0,13.22331
0.27057546,1.0,2.0,7.710771
0.1620159,3.0,2.0,6.0092297
0.5266549,1.0,1.0,13.22331
0.6714096,1.0,1.0,20.72974
0.15751144,1.0,1.0,6.0092297
0.6908287,1.0,1.0,23.265999
0.6817182,3.0,2.0,22.030424
0.2805626,2.0,1.0,7.710771
0.10358822,3.0,2.0,5.094749
0.2720675,2.0,2.0,7.710771
0.45438722,1.0,1.0,12.140833
0.20227563,1.0,2.0,6.5503335
0.06427358,1.0,2.0,4.2536397
0.21068946,1.0,2.0,6.885288
0.4971925,1.0,1.0,13.22331
0.68089294,1.0,1.0,22.030424
0.63681275,2.0,2.0,18.54923
0.30614153,1.0,1.0,7.710771
0.08089382,2.0,1.0,4.638551
0.24589625,3.0,1.0,7.452232
0.24746457,1.0,1.0,7.452232
0.100078456,3.0,2.0,5.094749
0.6207076,2.0,2.0,18.475292
0.4894339,1.0,2.0,13.02823
0.62258106,3.0,1.0,18.475292
0.66523635,1.0,1.0,20.710554
0.10481366,2.0,1.0,5.094749
0.35516933,1.0,1.0,9.754834
0.19176097,1.0,2.0,6.5503335
0.37091857,3.0,2.0,10.391014
0.65403306,1.0,1.0,18.54923
0.11363331,1.0,1.0,5.094749
0.3539449,3.0,2.0,9.754834
0.6956405,2.0,2.0,24.232834
0.22233875,1.0,1.0,7.0677524
0.13335231,2.0,1.0,5.574075
0.06350424,3.0,1.0,4.2536397
0.6050584,1.0,1.0,16.989372
0.6205264,1.0,2.0,18.475292
0.3255258,1.0,2.0,9.255707
0.13861553,1.0,1.0,6.0092297
0.4656924,1.0,1.0,12.140833
0.09569372,3.0,1.0,4.970622
0.2671729,1.0,1.0,7.710771
0.4693705,3.0,2.0,12.398045
0.51416755,1.0,1.0,13.22331
0.0552254,2.0,2.0,4.022659
0.07568514,3.0,1.0,4.4781346
0.09279764,3.0,2.0,4.970622
0.1486125,2.0,1.0,6.0092297
0.68262035,1.0,1.0,22.030424
0.16372019,2.0,2.0,6.0092297
0.6134149,2.0,2.0,16.989372
0.19098443,1.0,1.0,6.5503335
0.050465483,1.0,1.0,3.9082315
0.08752751,1.0,2.0,4.817406
0.21311688,3.0,2.0,7.0677524
0.62413573,1.0,2.0,18.475292
0.08414467,3.0,1.0,4.817406
0.45626277,1.0,1.0,12.140833
0.32030478,1.0,1.0,7.813258
0.05894525,1.0,2.0,4.0932264
0.09309231,1.0,2.0,4.970622
0.6474664,2.0,1.0,18.54923
0.050519098,1.0,1.0,3.9082315
0.44431582,1.0,1.0,11.252093
0.3825372,1.0,2.0,10.391014
0.052003287,1.0,1.0,3.9323616
0.26935932,1.0,2.0,7.710771
0.6349167,3.0,2.0,18.54923
0.42815092,3.0,2.0,10.996293
0.5731521,3.0,1.0,16.314945
0.65261793,1.0,2.0,18.54923
0.66410077,3.0,2.0,20.710554
0.20948282,2.0,1.0,6.885288
0.6622717,1.0,2.0,19.961432
0.47893906,1.0,1.0,12.398045
0.62310946,3.0,1.0,18.475292
0.6291154,1.0,1.0,18.475292
0.28598267,3.0,2.0,7.710771
0.3429949,1.0,2.0,9.754834
0.6924027,3.0,2.0,23.265999
0.61134696,1.0,1.0,16.989372
0.6965373,1.0,2.0,24.232834
0.05824143,1.0,1.0,4.072313
0.1854673,3.0,1.0,6.5503335
0.48163518,3.0,1.0,12.618267
0.31365094,1.0,1.0,7.710771
0.43788677,1.0,1.0,11.252093
0.19092755,3.0,2.0,6.5503335
0.6229981,2.0,1.0,18.475292
0.11724147,1.0,1.0,5.1021028
0.49868956,1.0,2.0,13.22331
0.6292826,1.0,2.0,18.475292
0.35855335,1.0,1.0,9.913038
0.27646986,1.0,1.0,7.710771
0.64117265,1.0,1.0,18.54923
0.61320883,3.0,2.0,16.989372
0.692259,1.0,2.0,23.265999
0.07452815,3.0,2.0,4.4781346
0.45706654,3.0,2.0,12.140833
0.68817806,3.0,2.0,22.679296
0.62031406,3.0,2.0,18.475292
0.31974208,2.0,2.0,7.813258
0.14444268,1.0,1.0,6.0092297
0.4242631,1.0,2.0,10.97523
0.38936108,1.0,2.0,10.391014
0.12740916,1.0,1.0,5.1168685
0.55295193,1.0,1.0,14.808319
0.11980481,1.0,1.0,5.1021028
0.5941549,1.0,1.0,16.314945
0.48989254,1.0,2.0,13.02823
0.69454414,3.0,2.0,23.896753
0.064554565,3.0,1.0,4.2536397
0.3762518,3.0,1.0,10.391014
0.051290337,1.0,2.0,3.925188
0.56295943,1.0,2.0,16.314945
0.6521726,1.0,1.0,18.54923
0.48212773,3.0,1.0,12.618267
0.45743158,1.0,1.0,12.140833
0.15021485,2.0,1.0,6.0092297
0.38172126,3.0,2.0,10.391014
0.64444935,3.0,2.0,18.54923
0.051764313,1.0,2.0,3.925188
0.14999586,1.0,1.0,6.0092297
0.07168966,1.0,1.0,4.4781346
0.62548435,3.0,1.0,18.475292
0.1026271,3.0,1.0,5.094749
0.6695623,2.0,2.0,20.72974
0.07071535,1.0,1.0,4.4781346
0.16450836,3.0,1.0,6.0092297
0.06991195,1.0,2.0,4.406856
0.25847688,2.0,1.0,7.452232
0.49359226,1.0,1.0,13.02823
0.15237217,1.0,2.0,6.0092297
0.6249496,1.0,2.0,18.475292
0.095982574,2.0,1.0,4.970622
0.6437337,3.0,1.0,18.54923
0.44975576,1.0,2.0,11.252093
0.051218167,3.0,1.0,3.925188
0.641875,1.0,2.0,18.54923
0.68558687,2.0,1.0,22.679296
0.17957799,1.0,2.0,6.5503335
0.66494834,1.0,1.0,20.710554
0.68774337,1.0,2.0,22.679296
0.40737137,3.0,2.0,10.97523
0.11145289,1.0,2.0,5.094749
0.6919343,3.0,1.0,23.265999
0.6355965,1.0,1.0,18.54923
0.41467988,3.0,2.0,10.97523
0.083566085,3.0,2.0,4.817406
0.061885566,1.0,1.0,4.1994414
0.6619206,1.0,2.0,19.961432
0.45016652,1.0,1.0,11.252093
0.2881407,3.0,2.0,7.710771
0.36969775,1.0,1.0,10.281878
0.084671676,3.0,2.0,4.817406
0.38280004,3.0,2.0,10.391014
0.62098587,2.0,1.0,18.475292
0.052855138,1.0,1.0,3.9636402
0.089534014,3.0,1.0,4.817406
0.5617597,1.0,1.0,14.892968
0.68196833,2.0,1.0,22.030424
0.2398789,2.0,2.0,7.452232
0.071618564,1.0,1.0,4.4781346
0.30417436,1.0,1.0,7.710771
0.25629947,1.0,1.0,7.452232
0.067729495,1.0,2.0,4.336497
0.42173612,3.0,1.0,10.97523
0.64567345,1.0,1.0,18.54923
0.56620395,3.0,2.0,16.314945
0.13021912,2.0,1.0,5.1168685
0.3407727,3.0,1.0,9.255707
0.11307444,1.0,1.0,5.094749
0.25031176,1.0,2.0,7.452232
0.41520947,3.0,2.0,10.97523
0.39969042,2.0,2.0,10.533475
0.59899294,1.0,2.0,16.989372
0.6826423,2.0,1.0,22.030424
0.5575901,2.0,2.0,14.892968
0.23733284,1.0,2.0,7.452232
0.20518538,1.0,1.0,6.885288
0.6828185,1.0,1.0,22.030424
0.31641874,3.0,2.0,7.813258
0.6486133,1.0,2.0,18.54923
0.61549056,3.0,1.0,18.173182
0.31036234,1.0,2.0,7.710771
0.65067774,3.0,2.0,18.54923
0.11194702,1.0,1.0,5.094749
0.32055953,3.0,2.0,9.255707
0.06564134,2.0,2.0,4.336497
0.36594453,2.0,1.0,9.913038
0.05872982,1.0,1.0,4.0932264
0.065343104,3.0,2.0,4.336497
0.39903778,2.0,2.0,10.533475
0.29327688,1.0,2.0,7.710771
0.19378117,2.0,1.0,6.5503335
0.10232232,2.0,2.0,5.094749
0.6918062,1.0,2.0,23.265999
0.6841983,3.0,2.0,22.679296
0.25498527,3.0,1.0,7.452232
0.06603895,3.0,2.0,4.336497
0.5595319,3.0,2.0,14.892968
0.35245737,1.0,2.0,9.754834
0.09866247,1.0,2.0,4.970622
0.21774016,1.0,1.0,7.0677524
0.67262864,3.0,2.0,21.887266
0.0932053,1.0,1.0,4.970622
0.14534639,3.0,1.0,6.0092297
0.069818415,3.0,1.0,4.406856
0.49481553,3.0,2.0,13.22331
0.48476908,1.0,1.0,12.618267
0.47883984,2.0,2.0,12.398045
0.25407243,1.0,1.0,7.452232
0.64785117,1.0,1.0,18.54923
0.23350653,3.0,1.0,7.125892
0.54047793,3.0,2.0,14.808319
0.46258053,3.0,2.0,12.140833
0.15940058,2.0,2.0,6.0092297
0.64771366,3.0,1.0,18.54923
0.48722568,1.0,2.0,12.618267
0.10035257,3.0,2.0,5.094749
0.3716782,3.0,2.0,10.391014
0.2535374,3.0,2.0,7.452232
0.118472725,1.0,1.0,5.1021028
0.46273434,1.0,2.0,12.140833
0.6940918,2.0,2.0,23.896753
0.06089307,1.0,2.0,4.1994414
0.59238744,1.0,2.0,16.314945
0.16336516,3.0,2.0,6.0092297
0.15235649,1.0,2.0,6.0092297
0.12964804,1.0,1.0,5.1168685
0.56849164,2.0,1.0,16.314945
0.3601879,3.0,2.0,9.913038
0.40485016,1.0,1.0,10.533475
0.6704493,1.0,2.0,20.72974
0.43366447,2.0,2.0,10.996293
0.69736123,1.0,2.0,24.232834
0.6344297,3.0,1.0,18.54923
0.3945942,1.0,2.0,10.391014
0.3202064,1.0,1.0,7.813258
0.5512604,3.0,2.0,14.808319
0.6100451,1.0,2.0,16.989372
0.06746223,2.0,2.0,4.336497
0.17991638,1.0,1.0,6.5503335
0.48114288,3.0,2.0,12.618267
0.5536704,1.0,2.0,14.808319
0.053667855,1.0,2.0,3.9636402
0.3776831,3.0,1.0,10.391014
0.05219351,3.0,1.0,3.9636402
0.09336281,3.0,2.0,4.970622
0.644762,1.0,1.0,18.54923
0.32358447,1.0,1.0,9.255707
0.69568855,2.0,2.0,24.232834
0.050039683,1.0,2.0,3.8999705
0.07936444,1.0,2.0,4.6235747
0.05996445,3.0,2.0,4.1994414
0.20434737,3.0,2.0,6.885288
0.6614167,2.0,1.0,19.961432
0.109165706,3.0,2.0,5.094749
0.3745128,1.0,1.0,10.391014
0.55815244,3.0,1.0,14.892968
0.57913375,2.0,2.0,16.314945
0.64005065,1.0,2.0,18.54923
0.13069779,1.0,1.0,5.1168685
0.076591246,1.0,1.0,4.4781346
0.104993686,3.0,1.0,5.094749
0.5976758,1.0,2.0,16.314945
0.053650413,1.0,1.0,3.9636402
0.6926978,1.0,1.0,23.265999
0.2073028,3.0,2.0,6.885288
0.50585866,1.0,2.0,13.22331
0.6626578,1.0,2.0,19.961432
0.34498706,3.0,2.0,9.754834
0.1366884,3.0,2.0,6.0092297
0.2051139,1.0,1.0,6.885288
0.14052038,3.0,1.0,6.0092297
0.58700985,1.0,1.0,16.314945
0.61898905,1.0,2.0,18.173182
0.65848356,1.0,2.0,19.961432
0.5871434,1.0,1.0,16.314945
0.5161684,1.0,1.0,13.22331
0.6241941,1.0,1.0,18.475292
0.16353722,3.0,2.0,6.0092297
0.6720462,1.0,2.0,20.72974
0.13521196,3.0,1.0,5.574075
0.69342476,1.0,1.0,23.647161
0.16045085,2.0,1.0,6.0092297
0.5950087,1.0,2.0,16.314945
0.48431733,3.0,1.0,12.618267
0.36169824,1.0,1.0,9.913038
0.64214605,2.0,2.0,18.54923
0.05350006,1.0,1.0,3.9636402
0.3491205,1.0,2.0,9.754834
0.18786377,3.0,1.0,6.5503335
0.06308503,1.0,2.0,4.2536397
0.66696376,2.0,2.0,20.72974
0.68789285,2.0,1.0,22.679296
0.6975569,3.0,2.0,24.538914
0.19475625,1.0,1.0,6.5503335
0.06613037,3.0,2.0,4.336497
0.6303938,3.0,2.0,18.54923
0.6978685,1.0,2.0,24.560688
0.4420253,2.0,2.0,11.252093
0.59671223,3.0,2.0,16.314945
0.07101774,3.0,2.0,4.4781346
0.054267507,1.0,2.0,4.022659
0.23022789,2.0,2.0,7.125892
0.6256492,1.0,1.0,18.475292
0.6818449,1.0,2.0,22.030424
0.3185536,3.0,1.0,7.813258
0.0569849,2.0,2.0,4.072313
0.050727773,1.0,2.0,3.9182947
0.08096729,2.0,1.0,4.638551
0.067654476,1.0,1.0,4.336497
0.5742104,1.0,1.0,16.314945
0.06977963,1.0,1.0,4.406856
0.32546684,3.0,2.0,9.255707
0.18276092,1.0,1.0,6.5503335
0.4669336,1.0,1.0,12.140833
0.67918825,3.0,2.0,22.030424
0.27274397,3.0,1.0,7.710771
0.059719313,2.0,1.0,4.1243057
0.6453974,1.0,2.0,18.54923
0.13262539,3.0,2.0,5.574075
0.08569515,1.0,1.0,4.817406
0.36028534,1.0,1.0,9.913038
0.18573603,3.0,2.0,6.5503335
0.67537653,1.0,2.0,21.887266
0.60316855,3.0,1.0,16.989372
0.056873467,1.0,1.0,4.072313
0.16900036,3.0,1.0,6.0092297
0.53151244,1.0,1.0,13.22331
0.24159484,2.0,2.0,7.452232
0.23299706,1.0,1.0,7.125892
0.5243146,1.0,1.0,13.22331
0.49893156,1.0,2.0,13.22331
0.6625658,1.0,1.0,19.961432
0.06798569,1.0,2.0,4.336497
0.41546962,1.0,2.0,10.97523
0.32347172,1.0,2.0,9.255707
0.52470356,3.0,1.0,13.22331
0.49369666,3.0,2.0,13.22331
0.051988244,1.0,1.0,3.9323616
0.68144447,1.0,1.0,22.030424
0.6863461,1.0,2.0,22.679296
0.07248071,2.0,2.0,4.4781346
0.64670026,1.0,1.0,18.54923
0.21018127,1.0,1.0,6.885288
0.13566428,1.0,1.0,5.574075
0.64568233,1.0,2.0,18.54923
0.6080337,1.0,1.0,16.989372
0.091163985,1.0,2.0,4.817406
0.43640795,3.0,2.0,11.252093
0.59298456,3.0,1.0,16.314945
0.32673952,3.0,2.0,9.255707
0.36734352,1.0,1.0,9.913038
0.12583789,1.0,1.0,5.1168685
0.16422254,1.0,2.0,6.0092297
0.24275905,1.0,1.0,7.452232
0.32663038,1.0,2.0,9.255707
0.55123466,2.0,1.0,14.808319
0.15353517,1.0,1.0,6.0092297
0.6483339,1.0,1.0,18.54923
0.05007847,1.0,1.0,3.8999705
0.12075108,1.0,1.0,5.1021028
0.06439259,1.0,2.0,4.2536397
0.075154625,3.0,1.0,4.4781346
0.08063075,3.0,2.0,4.638551
0.296386,3.0,1.0,7.710771
0.37380344,1.0,1.0,10.391014
0.051039793,1.0,1.0,3.925188
0.17130506,1.0,2.0,6.0092297
0.59922075,3.0,2.0,16.989372
0.6512619,1.0,2.0,18.54923
0.24522093,2.0,1.0,7.452232
0.24793687,1.0,1.0,7.452232
0.051086478,1.0,2.0,3.925188
0.6727995,1.0,2.0,21.887266
